Iteration,CurrentMin,CurrentMax,HistoricalMin,HistoricalMax,MeanFitness,StandardDevFitness,P0   ,P25  ,P50  ,P75  ,P100 ,MeanPheromone,StandardDevPheromone,P0   ,P25  ,P50  ,P75  ,P100 ,StepGradient(u/iter),TimeGradient(u/s),ElapsedTime(s),PheromoneImageSaved
1,2856.0000,4488.0000,2856.0000,4488.0000,3781.5600,374.5769,2856.0000,3480.5000,3792.0000,4070.0000,4488.0000,0.9911,0.0031,0.9900,0.9900,0.9900,0.9900,1.0000,,,0.2695,true
2,2932.0000,4460.0000,2856.0000,4488.0000,3807.1400,306.4985,2932.0000,3618.0000,3808.0000,4037.0000,4460.0000,0.9823,0.0063,0.9801,0.9801,0.9801,0.9801,1.0000,-25.5800,-17271.6236,0.1481,true
3,2758.0000,4520.0000,2758.0000,4520.0000,3685.4800,365.1283,2758.0000,3409.0000,3707.0000,3953.5000,4520.0000,0.9757,0.0105,0.9703,0.9703,0.9703,0.9703,1.0000,121.6600,110049.9503,0.1105,true
4,3008.0000,4540.0000,2758.0000,4540.0000,3789.0200,342.5062,3008.0000,3515.0000,3857.0000,4032.5000,4540.0000,0.9670,0.0131,0.9606,0.9606,0.9606,0.9606,1.0000,-103.5400,-143617.4566,0.0721,true
5,2932.0000,4570.0000,2758.0000,4570.0000,3735.6600,348.7039,2932.0000,3517.5000,3704.0000,3909.0000,4570.0000,0.9585,0.0158,0.9510,0.9510,0.9510,0.9510,1.0000,53.3600,71513.0998,0.0746,true
6,2848.0000,4502.0000,2758.0000,4570.0000,3712.2800,373.2096,2848.0000,3448.0000,3709.0000,4001.5000,4502.0000,0.9500,0.0186,0.9415,0.9415,0.9415,0.9415,1.0000,23.3800,30849.0481,0.0758,true
7,2960.0000,4620.0000,2758.0000,4620.0000,3711.6800,313.1694,2960.0000,3493.0000,3690.0000,3941.5000,4620.0000,0.9416,0.0214,0.9321,0.9321,0.9321,0.9321,1.0000,0.6000,814.3334,0.0737,true
8,2756.0000,4604.0000,2756.0000,4620.0000,3773.7600,363.7891,2756.0000,3496.0000,3769.0000,4047.0000,4604.0000,0.9359,0.0229,0.9227,0.9227,0.9227,0.9415,1.0000,-62.0800,-88464.8050,0.0702,true
9,2824.0000,4496.0000,2756.0000,4620.0000,3715.0600,356.1537,2824.0000,3476.0000,3714.0000,3984.0000,4496.0000,0.9302,0.0285,0.9135,0.9135,0.9135,0.9321,1.0000,58.7000,87278.7180,0.0673,true
10,2974.0000,4500.0000,2756.0000,4620.0000,3716.6400,327.1177,2974.0000,3449.5000,3729.0000,3930.0000,4500.0000,0.9233,0.0335,0.9044,0.9044,0.9044,0.9227,1.0000,-1.5800,-2189.6667,0.0722,true
11,2790.0000,4468.0000,2756.0000,4620.0000,3777.2000,342.4515,2790.0000,3489.5000,3814.0000,4028.0000,4468.0000,0.9152,0.0357,0.8953,0.8953,0.8953,0.9135,1.0000,-60.5600,-83179.8434,0.0728,true
12,2798.0000,4444.0000,2756.0000,4620.0000,3774.5800,376.5774,2798.0000,3540.0000,3808.0000,4033.5000,4444.0000,0.9072,0.0380,0.8864,0.8864,0.8864,0.9044,1.0000,2.6200,3737.8964,0.0701,true
13,2628.0000,4586.0000,2628.0000,4620.0000,3775.1600,355.8633,2628.0000,3572.5000,3814.0000,4033.0000,4586.0000,0.9022,0.0383,0.8775,0.8775,0.8775,0.9156,1.0000,-0.5800,-898.7190,0.0645,true
14,2768.0000,4540.0000,2628.0000,4620.0000,3743.4200,344.9776,2768.0000,3559.5000,3753.0000,3962.5000,4540.0000,0.8971,0.0417,0.8687,0.8687,0.8687,0.9321,1.0000,31.7400,52311.2370,0.0607,true
15,2780.0000,4694.0000,2628.0000,4694.0000,3675.2800,359.3642,2780.0000,3445.5000,3694.0000,3935.5000,4694.0000,0.8920,0.0474,0.8601,0.8601,0.8601,0.9227,1.0000,68.1400,101490.4832,0.0671,true
16,2900.0000,4522.0000,2628.0000,4694.0000,3763.3600,351.2434,2900.0000,3518.5000,3746.0000,4034.0000,4522.0000,0.8864,0.0534,0.8515,0.8515,0.8515,0.9135,1.0000,-88.0800,-151484.4027,0.0581,true
17,2612.0000,4532.0000,2612.0000,4694.0000,3733.7600,368.7705,2612.0000,3458.5000,3744.0000,4022.0000,4532.0000,0.8808,0.0542,0.8429,0.8429,0.8429,0.9044,1.0000,29.6000,50843.2071,0.0582,true
18,2816.0000,4500.0000,2612.0000,4694.0000,3724.7800,384.5574,2816.0000,3444.0000,3717.0000,4016.5000,4500.0000,0.8750,0.0562,0.8345,0.8345,0.8345,0.9107,1.0000,8.9800,14681.7190,0.0612,true
19,2806.0000,4462.0000,2612.0000,4694.0000,3749.7400,386.4804,2806.0000,3450.0000,3757.0000,4058.0000,4462.0000,0.8691,0.0593,0.8262,0.8262,0.8262,0.9321,1.0000,-24.9600,-42807.6759,0.0583,true
20,2690.0000,4442.0000,2612.0000,4694.0000,3778.8400,343.0331,2690.0000,3574.0000,3813.0000,4018.5000,4442.0000,0.8631,0.0631,0.8179,0.8179,0.8179,0.9227,1.0000,-29.1000,-45349.2123,0.0642,true
21,2876.0000,4378.0000,2612.0000,4694.0000,3771.9800,341.0300,2876.0000,3580.5000,3764.0000,4024.5000,4378.0000,0.8569,0.0674,0.8097,0.8097,0.8097,0.9135,1.0000,6.8600,11599.3784,0.0591,true
22,2920.0000,4608.0000,2612.0000,4694.0000,3752.8000,357.6196,2920.0000,3478.5000,3793.0000,4021.0000,4608.0000,0.8496,0.0693,0.8016,0.8016,0.8016,0.9044,1.0000,19.1800,29904.3155,0.0641,true
23,2812.0000,4626.0000,2612.0000,4694.0000,3725.6200,350.3937,2812.0000,3544.0000,3737.0000,3961.0000,4626.0000,0.8422,0.0711,0.7936,0.7936,0.7936,0.8953,1.0000,27.1800,45989.6143,0.0591,true
24,2818.0000,4706.0000,2612.0000,4706.0000,3825.0000,380.1665,2818.0000,3609.0000,3867.0000,4060.0000,4706.0000,0.8349,0.0729,0.7857,0.7857,0.7857,0.8864,1.0000,-99.3800,-165734.4313,0.0600,true
25,2792.0000,4664.0000,2612.0000,4706.0000,3747.8800,350.1210,2792.0000,3551.5000,3763.0000,4011.0000,4664.0000,0.8277,0.0747,0.7778,0.7778,0.7778,0.8775,1.0000,77.1200,131162.7084,0.0588,true
26,2874.0000,4706.0000,2612.0000,4706.0000,3782.2600,353.2301,2874.0000,3526.5000,3749.0000,4019.0000,4706.0000,0.8205,0.0765,0.7700,0.7700,0.7700,0.8687,1.0000,-34.3800,-59099.3791,0.0582,true
27,2890.0000,4646.0000,2612.0000,4706.0000,3744.9400,371.8949,2890.0000,3520.0000,3777.0000,4006.5000,4646.0000,0.8134,0.0784,0.7623,0.7623,0.7623,0.8601,1.0000,37.3200,57733.6301,0.0646,true
28,3042.0000,4748.0000,2612.0000,4748.0000,3835.2000,365.7866,3042.0000,3615.0000,3888.0000,4072.0000,4748.0000,0.8064,0.0803,0.7547,0.7547,0.7547,0.8515,1.0000,-90.2600,-140424.3535,0.0643,true
29,2966.0000,4452.0000,2612.0000,4748.0000,3672.1800,324.0198,2966.0000,3487.5000,3668.0000,3859.5000,4452.0000,0.7994,0.0822,0.7472,0.7472,0.7472,0.8429,1.0000,163.0200,279847.7678,0.0583,true
30,2548.0000,4540.0000,2548.0000,4748.0000,3719.5600,361.3449,2548.0000,3531.5000,3723.0000,3956.0000,4540.0000,0.7951,0.0819,0.7397,0.7397,0.7397,0.8345,1.0000,-47.3800,-80130.4276,0.0591,true
31,2816.0000,4640.0000,2548.0000,4748.0000,3766.5000,356.5587,2816.0000,3488.5000,3782.0000,3995.0000,4640.0000,0.7908,0.0831,0.7323,0.7323,0.7323,0.8262,1.0000,-46.9400,-82628.7708,0.0568,true
32,2994.0000,4532.0000,2548.0000,4748.0000,3783.4000,322.5236,2994.0000,3571.0000,3752.0000,3974.5000,4532.0000,0.7865,0.0857,0.7250,0.7250,0.7250,0.8415,1.0000,-16.9000,-29503.3143,0.0573,true
33,2888.0000,4556.0000,2548.0000,4748.0000,3657.1800,379.4953,2888.0000,3460.0000,3642.0000,3868.0000,4556.0000,0.7823,0.0895,0.7177,0.7177,0.7177,0.8429,1.0000,126.2200,213375.6185,0.0592,true
34,2712.0000,4434.0000,2548.0000,4748.0000,3702.4200,359.8577,2712.0000,3449.0000,3704.0000,3950.5000,4434.0000,0.7778,0.0936,0.7106,0.7106,0.7106,0.8345,1.0000,-45.2400,-78533.7588,0.0576,true
35,3128.0000,4528.0000,2548.0000,4748.0000,3786.0200,345.2306,3128.0000,3523.5000,3770.0000,4061.5000,4528.0000,0.7730,0.0976,0.7034,0.7034,0.7034,0.8262,1.0000,-83.6000,-139146.8765,0.0601,true
36,2830.0000,4490.0000,2548.0000,4748.0000,3676.8000,359.8297,2830.0000,3389.0000,3690.0000,3929.0000,4490.0000,0.7682,0.1021,0.6964,0.6964,0.6964,0.8179,1.0000,109.2200,186491.7289,0.0586,true
37,2894.0000,4506.0000,2548.0000,4748.0000,3776.6800,348.9804,2894.0000,3545.5000,3802.0000,4036.5000,4506.0000,0.7633,0.1070,0.6894,0.6894,0.6894,0.8097,1.0000,-99.8800,-158932.4728,0.0628,true
38,2904.0000,4616.0000,2548.0000,4748.0000,3669.4600,367.1913,2904.0000,3421.5000,3651.0000,3907.5000,4616.0000,0.7572,0.1093,0.6826,0.6826,0.6826,0.8016,1.0000,107.2200,181139.0371,0.0592,true
39,2866.0000,4794.0000,2548.0000,4794.0000,3715.5000,387.5084,2866.0000,3428.5000,3707.0000,3983.5000,4794.0000,0.7508,0.1107,0.6757,0.6757,0.6757,0.7936,1.0000,-46.0400,-77605.0973,0.0593,true
40,2830.0000,4378.0000,2548.0000,4794.0000,3676.8800,323.7420,2830.0000,3482.5000,3690.0000,3878.5000,4378.0000,0.7444,0.1121,0.6690,0.6690,0.6690,0.7857,1.0000,38.6200,66357.0463,0.0582,true
41,2808.0000,4580.0000,2548.0000,4794.0000,3720.9000,357.4190,2808.0000,3461.5000,3740.0000,3907.5000,4580.0000,0.7380,0.1135,0.6623,0.6623,0.6623,0.7778,1.0000,-44.0200,-74551.6654,0.0590,true
42,2770.0000,4680.0000,2548.0000,4794.0000,3757.0400,416.6535,2770.0000,3483.0000,3802.0000,4058.5000,4680.0000,0.7318,0.1150,0.6557,0.6557,0.6557,0.7700,1.0000,-36.1400,-60907.5802,0.0593,true
43,2814.0000,4568.0000,2548.0000,4794.0000,3740.3200,382.3449,2814.0000,3475.0000,3756.0000,4026.5000,4568.0000,0.7256,0.1164,0.6491,0.6491,0.6491,0.7623,1.0000,16.7200,28291.1758,0.0591,true
44,3008.0000,4480.0000,2548.0000,4794.0000,3758.3800,349.9385,3008.0000,3512.0000,3784.0000,4019.5000,4480.0000,0.7194,0.1179,0.6426,0.6426,0.6426,0.7547,1.0000,-18.0600,-31304.2755,0.0577,true
45,2998.0000,4388.0000,2548.0000,4794.0000,3688.0400,304.2880,2998.0000,3458.5000,3698.0000,3924.5000,4388.0000,0.7133,0.1194,0.6362,0.6362,0.6362,0.7472,1.0000,70.3400,110517.0293,0.0636,true
46,2750.0000,4416.0000,2548.0000,4794.0000,3708.1400,343.8676,2750.0000,3515.0000,3737.0000,3943.5000,4416.0000,0.7073,0.1209,0.6298,0.6298,0.6298,0.7397,1.0000,-20.1000,-34212.7077,0.0588,true
47,2910.0000,4424.0000,2548.0000,4794.0000,3731.7600,341.5211,2910.0000,3478.5000,3736.0000,3987.0000,4424.0000,0.7013,0.1223,0.6235,0.6235,0.6235,0.7323,1.0000,-23.6200,-39166.5257,0.0603,true
48,2862.0000,4546.0000,2548.0000,4794.0000,3726.1400,318.3037,2862.0000,3571.5000,3712.0000,3917.0000,4546.0000,0.6954,0.1238,0.6173,0.6173,0.6173,0.7250,1.0000,5.6200,9649.1620,0.0582,true
49,2802.0000,4604.0000,2548.0000,4794.0000,3691.0600,313.7301,2802.0000,3506.5000,3682.0000,3895.0000,4604.0000,0.6896,0.1254,0.6111,0.6111,0.6111,0.7177,1.0000,35.0800,60147.1788,0.0583,true
50,2924.0000,4546.0000,2548.0000,4794.0000,3744.6000,390.2067,2924.0000,3475.0000,3759.0000,4016.5000,4546.0000,0.6838,0.1269,0.6050,0.6050,0.6050,0.7106,1.0000,-53.5400,-91865.5887,0.0583,true
51,2988.0000,4552.0000,2548.0000,4794.0000,3737.3000,354.7098,2988.0000,3494.0000,3707.0000,3930.5000,4552.0000,0.6781,0.1284,0.5990,0.5990,0.5990,0.7034,1.0000,7.3000,12800.5499,0.0570,true
52,2666.0000,4726.0000,2548.0000,4794.0000,3673.5800,376.9875,2666.0000,3408.0000,3655.0000,3925.5000,4726.0000,0.6724,0.1299,0.5930,0.5930,0.5930,0.6964,1.0000,63.7200,106647.0288,0.0597,true
53,2684.0000,4570.0000,2548.0000,4794.0000,3701.2600,405.3857,2684.0000,3446.5000,3741.0000,3996.0000,4570.0000,0.6668,0.1314,0.5870,0.5870,0.5870,0.6894,1.0000,-27.6800,-43800.4484,0.0632,true
54,2760.0000,4532.0000,2548.0000,4794.0000,3696.1400,365.9698,2760.0000,3443.5000,3689.0000,3979.0000,4532.0000,0.6613,0.1329,0.5812,0.5812,0.5812,0.6826,1.0000,5.1200,8734.4588,0.0586,true
55,2710.0000,4558.0000,2548.0000,4794.0000,3739.1600,379.6331,2710.0000,3471.5000,3808.0000,4022.0000,4558.0000,0.6557,0.1344,0.5754,0.5754,0.5754,0.6757,1.0000,-43.0200,-73403.3241,0.0586,true
56,2832.0000,4636.0000,2548.0000,4794.0000,3769.7200,360.6984,2832.0000,3515.0000,3771.0000,4028.0000,4636.0000,0.6503,0.1359,0.5696,0.5696,0.5696,0.6690,1.0000,-30.5600,-51551.0872,0.0593,true
57,3134.0000,4438.0000,2548.0000,4794.0000,3719.3600,340.9427,3134.0000,3453.5000,3705.0000,3953.5000,4438.0000,0.6449,0.1374,0.5639,0.5639,0.5639,0.6623,1.0000,50.3600,86207.3393,0.0584,true
58,2888.0000,4458.0000,2548.0000,4794.0000,3712.1200,369.9578,2888.0000,3491.0000,3714.0000,3922.0000,4458.0000,0.6396,0.1389,0.5583,0.5583,0.5583,0.6557,1.0000,7.2400,12622.1023,0.0574,true
59,2666.0000,4568.0000,2548.0000,4794.0000,3715.8600,363.6488,2666.0000,3501.0000,3747.0000,3951.0000,4568.0000,0.6343,0.1404,0.5527,0.5527,0.5527,0.6491,1.0000,-3.7400,-6310.2660,0.0593,true
60,2814.0000,4778.0000,2548.0000,4794.0000,3764.6400,362.4388,2814.0000,3503.5000,3793.0000,4039.0000,4778.0000,0.6291,0.1419,0.5472,0.5472,0.5472,0.6426,1.0000,-48.7800,-82786.0089,0.0589,true
61,2840.0000,4774.0000,2548.0000,4794.0000,3749.9200,392.6530,2840.0000,3502.5000,3730.0000,3981.5000,4774.0000,0.6239,0.1434,0.5417,0.5417,0.5417,0.6362,1.0000,14.7200,23905.6506,0.0616,true
62,3096.0000,4644.0000,2548.0000,4794.0000,3746.8600,335.4076,3096.0000,3516.0000,3691.0000,4004.5000,4644.0000,0.6187,0.1449,0.5363,0.5363,0.5363,0.6298,1.0000,3.0600,5205.1085,0.0588,true
63,2932.0000,4436.0000,2548.0000,4794.0000,3777.9600,327.0408,2932.0000,3535.5000,3776.0000,3994.0000,4436.0000,0.6137,0.1464,0.5309,0.5309,0.5309,0.6235,1.0000,-31.1000,-53349.7099,0.0583,true
64,2742.0000,4430.0000,2548.0000,4794.0000,3739.3400,338.7910,2742.0000,3561.5000,3746.0000,3974.0000,4430.0000,0.6086,0.1478,0.5256,0.5256,0.5256,0.6173,1.0000,38.6200,65736.8416,0.0597,true
65,2940.0000,4582.0000,2548.0000,4794.0000,3756.3200,359.1282,2940.0000,3471.0000,3781.0000,4028.0000,4582.0000,0.6037,0.1493,0.5203,0.5203,0.5203,0.6111,1.0000,-16.9800,-29651.8268,0.0563,true
66,2722.0000,4504.0000,2548.0000,4794.0000,3729.9200,355.6051,2722.0000,3499.5000,3759.0000,3946.0000,4504.0000,0.5987,0.1508,0.5151,0.5151,0.5151,0.6050,1.0000,26.4000,45295.9939,0.0583,true
67,2928.0000,4692.0000,2548.0000,4794.0000,3789.5200,342.1766,2928.0000,3581.5000,3789.0000,3993.5000,4692.0000,0.5939,0.1522,0.5100,0.5100,0.5100,0.5990,1.0000,-59.6000,-104110.4409,0.0583,true
68,2700.0000,4440.0000,2548.0000,4794.0000,3638.0200,350.9907,2700.0000,3379.0000,3675.0000,3872.0000,4440.0000,0.5890,0.1537,0.5049,0.5049,0.5049,0.5930,1.0000,151.5000,260280.2093,0.0572,true
69,2944.0000,4406.0000,2548.0000,4794.0000,3718.4800,330.6130,2944.0000,3481.0000,3709.0000,3966.0000,4406.0000,0.5843,0.1551,0.4998,0.4998,0.4998,0.5870,1.0000,-80.4600,-140021.7533,0.0575,true
70,2724.0000,4656.0000,2548.0000,4794.0000,3700.4800,365.5692,2724.0000,3447.0000,3711.0000,4014.0000,4656.0000,0.5795,0.1565,0.4948,0.4948,0.4948,0.5812,1.0000,18.0000,28827.9978,0.0624,true
71,2968.0000,4272.0000,2548.0000,4794.0000,3640.2000,324.1056,2968.0000,3349.5000,3633.0000,3858.5000,4272.0000,0.5748,0.1580,0.4899,0.4899,0.4899,0.5754,1.0000,60.2800,104567.6350,0.0576,true
72,3144.0000,4614.0000,2548.0000,4794.0000,3799.8800,350.8794,3144.0000,3549.0000,3757.0000,4030.5000,4614.0000,0.5702,0.1594,0.4850,0.4850,0.4850,0.5696,1.0000,-159.6800,-278298.2120,0.0574,true
73,2770.0000,4610.0000,2548.0000,4794.0000,3724.9600,371.7600,2770.0000,3446.5000,3792.0000,3982.5000,4610.0000,0.5656,0.1608,0.4801,0.4801,0.4801,0.5639,1.0000,74.9200,127870.7775,0.0586,true
74,2818.0000,4442.0000,2548.0000,4794.0000,3715.3000,365.1558,2818.0000,3498.5000,3722.0000,3980.0000,4442.0000,0.5611,0.1622,0.4753,0.4753,0.4753,0.5583,1.0000,9.6600,16824.4320,0.0574,true
75,2986.0000,4522.0000,2548.0000,4794.0000,3677.7400,350.5429,2986.0000,3422.0000,3654.0000,3898.0000,4522.0000,0.5566,0.1636,0.4706,0.4706,0.4706,0.5527,1.0000,37.5600,64589.2410,0.0582,true
76,2660.0000,4590.0000,2548.0000,4794.0000,3676.8600,404.3137,2660.0000,3417.0000,3675.0000,3971.0000,4590.0000,0.5521,0.1649,0.4659,0.4659,0.4659,0.5472,1.0000,0.8800,1484.2876,0.0593,true
77,2762.0000,4604.0000,2548.0000,4794.0000,3669.3000,401.9298,2762.0000,3379.0000,3659.0000,3942.5000,4604.0000,0.5477,0.1663,0.4612,0.4612,0.4612,0.5417,1.0000,7.5600,12995.0048,0.0582,true
78,2914.0000,4410.0000,2548.0000,4794.0000,3726.7200,327.6987,2914.0000,3531.0000,3745.0000,3916.0000,4410.0000,0.5433,0.1677,0.4566,0.4566,0.4566,0.5363,1.0000,-57.4200,-92924.1993,0.0618,true
79,3000.0000,4758.0000,2548.0000,4794.0000,3714.2600,376.3199,3000.0000,3434.0000,3705.0000,3951.5000,4758.0000,0.5390,0.1690,0.4520,0.4520,0.4520,0.5309,1.0000,12.4600,21961.6359,0.0567,true
80,2900.0000,4684.0000,2548.0000,4794.0000,3761.2000,354.6480,2900.0000,3540.0000,3789.0000,4030.5000,4684.0000,0.5347,0.1704,0.4475,0.4475,0.4475,0.5256,1.0000,-46.9400,-79856.8225,0.0588,true
81,2980.0000,4584.0000,2548.0000,4794.0000,3718.4000,352.5204,2980.0000,3425.5000,3719.0000,3939.5000,4584.0000,0.5305,0.1717,0.4430,0.4430,0.4430,0.5203,1.0000,42.8000,73515.6453,0.0582,true
82,2786.0000,4672.0000,2548.0000,4794.0000,3759.6200,362.2230,2786.0000,3500.5000,3780.0000,4046.0000,4672.0000,0.5263,0.1730,0.4386,0.4386,0.4386,0.5151,1.0000,-41.2200,-72098.9866,0.0572,true
83,2842.0000,4562.0000,2548.0000,4794.0000,3751.4600,363.5946,2842.0000,3493.0000,3758.0000,4029.0000,4562.0000,0.5222,0.1743,0.4342,0.4342,0.4342,0.5100,1.0000,8.1600,14508.5496,0.0562,true
84,2808.0000,4706.0000,2548.0000,4794.0000,3769.9400,387.3532,2808.0000,3466.0000,3803.0000,4053.5000,4706.0000,0.5180,0.1756,0.4299,0.4299,0.4299,0.5049,1.0000,-18.4800,-31695.1231,0.0583,true
85,2902.0000,4520.0000,2548.0000,4794.0000,3700.0400,368.9889,2902.0000,3431.5000,3711.0000,3941.0000,4520.0000,0.5140,0.1769,0.4256,0.4256,0.4256,0.4998,1.0000,69.9000,124411.0941,0.0562,true
86,2866.0000,4504.0000,2548.0000,4794.0000,3704.2000,348.4881,2866.0000,3497.0000,3688.0000,3940.0000,4504.0000,0.5100,0.1782,0.4213,0.4213,0.4213,0.4948,1.0000,-4.1600,-7208.5435,0.0577,true
87,2786.0000,4414.0000,2548.0000,4794.0000,3650.4800,377.3729,2786.0000,3425.0000,3608.0000,3892.0000,4414.0000,0.5060,0.1795,0.4171,0.4171,0.4171,0.4899,1.0000,53.7200,86852.4866,0.0619,true
88,2936.0000,4502.0000,2548.0000,4794.0000,3694.9000,371.5609,2936.0000,3407.5000,3698.0000,3963.0000,4502.0000,0.5020,0.1808,0.4129,0.4129,0.4129,0.4850,1.0000,-44.4200,-79112.6277,0.0561,true
89,2824.0000,4496.0000,2548.0000,4794.0000,3690.0200,387.2921,2824.0000,3423.0000,3705.0000,3982.0000,4496.0000,0.4981,0.1820,0.4088,0.4088,0.4088,0.4801,1.0000,4.8800,8533.6915,0.0572,true
90,2732.0000,4392.0000,2548.0000,4794.0000,3721.3000,342.2921,2732.0000,3522.5000,3754.0000,3986.5000,4392.0000,0.4942,0.1833,0.4047,0.4047,0.4047,0.4753,1.0000,-31.2800,-54611.3221,0.0573,true
91,2858.0000,4682.0000,2548.0000,4794.0000,3775.4000,390.4231,2858.0000,3493.0000,3800.0000,4107.0000,4682.0000,0.4904,0.1845,0.4007,0.4007,0.4007,0.4706,1.0000,-54.1000,-96229.7846,0.0562,true
92,3002.0000,4496.0000,2548.0000,4794.0000,3652.9400,341.8703,3002.0000,3407.5000,3626.0000,3886.5000,4496.0000,0.4866,0.1857,0.3967,0.3967,0.3967,0.4659,1.0000,122.4600,216072.9630,0.0567,true
93,2964.0000,4506.0000,2548.0000,4794.0000,3730.8400,369.7923,2964.0000,3469.5000,3724.0000,4010.5000,4506.0000,0.4829,0.1869,0.3927,0.3927,0.3927,0.4612,1.0000,-77.9000,-138480.7647,0.0563,true
94,2892.0000,4442.0000,2548.0000,4794.0000,3708.7000,337.1671,2892.0000,3509.5000,3689.0000,3922.5000,4442.0000,0.4791,0.1881,0.3888,0.3888,0.3888,0.4566,1.0000,22.1400,38045.0285,0.0582,true
95,3004.0000,4672.0000,2548.0000,4794.0000,3666.5000,332.4428,3004.0000,3435.0000,3692.0000,3872.0000,4672.0000,0.4755,0.1893,0.3849,0.3849,0.3849,0.4520,1.0000,42.2000,68892.6727,0.0613,true
96,2986.0000,4680.0000,2548.0000,4794.0000,3688.1200,401.8339,2986.0000,3328.5000,3679.0000,3939.0000,4680.0000,0.4718,0.1905,0.3810,0.3810,0.3810,0.4475,1.0000,-21.6200,-38743.5756,0.0558,true
97,2652.0000,4700.0000,2548.0000,4794.0000,3679.7600,359.3932,2652.0000,3461.5000,3672.0000,3921.5000,4700.0000,0.4682,0.1917,0.3772,0.3772,0.3772,0.4430,1.0000,8.3600,14600.2228,0.0573,true
98,2790.0000,4606.0000,2548.0000,4794.0000,3715.9200,350.1460,2790.0000,3421.5000,3731.0000,3975.0000,4606.0000,0.4646,0.1929,0.3735,0.3735,0.3735,0.4386,1.0000,-36.1600,-64311.7698,0.0562,true
99,2850.0000,4360.0000,2548.0000,4794.0000,3681.1000,351.8690,2850.0000,3430.5000,3683.0000,3952.0000,4360.0000,0.4611,0.1940,0.3697,0.3697,0.3697,0.4342,1.0000,34.8200,61931.3988,0.0562,true
100,2910.0000,4472.0000,2548.0000,4794.0000,3654.2200,312.1253,2910.0000,3476.5000,3706.0000,3848.0000,4472.0000,0.4576,0.1952,0.3660,0.3660,0.3660,0.4299,1.0000,26.8800,47271.7616,0.0569,true
101,2762.0000,4554.0000,2548.0000,4794.0000,3698.5200,388.7641,2762.0000,3456.0000,3675.0000,3994.0000,4554.0000,0.4541,0.1963,0.3624,0.3624,0.3624,0.4256,1.0000,-44.3000,-77531.0474,0.0571,true
102,2822.0000,4470.0000,2548.0000,4794.0000,3659.9400,360.0595,2822.0000,3398.0000,3697.0000,3913.0000,4470.0000,0.4507,0.1974,0.3587,0.3587,0.3587,0.4213,1.0000,38.5800,67433.9949,0.0572,true
103,2628.0000,4480.0000,2548.0000,4794.0000,3723.0600,390.2052,2628.0000,3436.0000,3744.0000,4010.0000,4480.0000,0.4473,0.1986,0.3552,0.3552,0.3552,0.4171,1.0000,-63.1200,-103922.6178,0.0607,true
104,2820.0000,4588.0000,2548.0000,4794.0000,3700.7000,351.7287,2820.0000,3489.0000,3681.0000,3894.5000,4588.0000,0.4439,0.1997,0.3516,0.3516,0.3516,0.4129,1.0000,22.3600,38986.8986,0.0574,true
105,2802.0000,4544.0000,2548.0000,4794.0000,3756.1400,353.4706,2802.0000,3529.5000,3811.0000,3973.0000,4544.0000,0.4406,0.2008,0.3481,0.3481,0.3481,0.4088,1.0000,-55.4400,-96871.2542,0.0572,true
106,2766.0000,4582.0000,2548.0000,4794.0000,3698.8000,362.1738,2766.0000,3386.0000,3720.0000,3930.5000,4582.0000,0.4373,0.2018,0.3446,0.3446,0.3446,0.4047,1.0000,57.3400,98530.6323,0.0582,true
107,2548.0000,4504.0000,2548.0000,4794.0000,3719.0800,369.2838,2548.0000,3502.0000,3730.0000,3981.0000,4504.0000,0.4341,0.2029,0.3412,0.3412,0.3412,0.4007,1.0000,-20.2800,-35437.9417,0.0572,true
108,2792.0000,4374.0000,2548.0000,4794.0000,3647.3800,352.7359,2792.0000,3415.5000,3639.0000,3909.5000,4374.0000,0.4308,0.2040,0.3378,0.3378,0.3378,0.3967,1.0000,71.7000,123271.4913,0.0582,true
109,2724.0000,4468.0000,2548.0000,4794.0000,3682.1000,344.5691,2724.0000,3445.5000,3702.0000,3932.0000,4468.0000,0.4276,0.2051,0.3344,0.3344,0.3344,0.3927,1.0000,-34.7200,-60638.4502,0.0573,true
110,2840.0000,4654.0000,2548.0000,4794.0000,3669.5800,395.5152,2840.0000,3371.0000,3657.0000,3950.0000,4654.0000,0.4245,0.2061,0.3310,0.3310,0.3310,0.3888,1.0000,12.5200,21879.8496,0.0572,true
111,2904.0000,4346.0000,2548.0000,4794.0000,3668.0000,311.1482,2904.0000,3457.0000,3649.0000,3882.0000,4346.0000,0.4213,0.2072,0.3277,0.3277,0.3277,0.3849,1.0000,1.5800,2782.9101,0.0568,true
112,3038.0000,4506.0000,2548.0000,4794.0000,3767.0600,377.6486,3038.0000,3442.0000,3789.0000,4047.5000,4506.0000,0.4182,0.2082,0.3244,0.3244,0.3244,0.3810,1.0000,-99.0600,-159897.2112,0.0620,true
113,2798.0000,4510.0000,2548.0000,4794.0000,3753.3400,359.4795,2798.0000,3490.5000,3759.0000,4045.0000,4510.0000,0.4152,0.2092,0.3212,0.3212,0.3212,0.3772,1.0000,13.7200,23508.4070,0.0584,true
114,2968.0000,4548.0000,2548.0000,4794.0000,3738.1200,313.5338,2968.0000,3519.0000,3749.0000,3928.0000,4548.0000,0.4121,0.2102,0.3180,0.3180,0.3180,0.3735,1.0000,15.2200,26546.2030,0.0573,true
115,2848.0000,4616.0000,2548.0000,4794.0000,3594.0600,356.1926,2848.0000,3309.5000,3500.0000,3880.0000,4616.0000,0.4091,0.2112,0.3148,0.3148,0.3148,0.3697,1.0000,144.0600,261147.1550,0.0552,true
116,2906.0000,4486.0000,2548.0000,4794.0000,3742.0200,362.2805,2906.0000,3503.5000,3800.0000,4007.0000,4486.0000,0.4061,0.2122,0.3117,0.3117,0.3117,0.3660,1.0000,-147.9600,-260273.0087,0.0568,true
117,2804.0000,4498.0000,2548.0000,4794.0000,3662.8600,362.1780,2804.0000,3444.5000,3693.0000,3933.0000,4498.0000,0.4032,0.2132,0.3085,0.3085,0.3085,0.3624,1.0000,79.1600,143450.2355,0.0552,true
118,2826.0000,4498.0000,2548.0000,4794.0000,3612.2800,386.8089,2826.0000,3339.5000,3621.0000,3870.5000,4498.0000,0.4003,0.2142,0.3055,0.3055,0.3055,0.3587,1.0000,50.5800,88993.3616,0.0568,true
119,2938.0000,4296.0000,2548.0000,4794.0000,3699.5000,337.2565,2938.0000,3469.5000,3739.0000,3950.5000,4296.0000,0.3974,0.2152,0.3024,0.3024,0.3024,0.3552,1.0000,-87.2200,-154679.6719,0.0564,true
120,3124.0000,4698.0000,2548.0000,4794.0000,3735.7600,326.6403,3124.0000,3518.5000,3720.0000,4012.0000,4698.0000,0.3945,0.2161,0.2994,0.2994,0.2994,0.3516,1.0000,-36.2600,-58264.0651,0.0622,true
121,2916.0000,4654.0000,2548.0000,4794.0000,3741.2200,327.2908,2916.0000,3528.5000,3770.0000,3972.5000,4654.0000,0.3917,0.2171,0.2964,0.2964,0.2964,0.3481,1.0000,-5.4600,-9397.9462,0.0581,true
122,2764.0000,4494.0000,2548.0000,4794.0000,3696.7200,369.5222,2764.0000,3472.0000,3667.0000,3967.5000,4494.0000,0.3889,0.2180,0.2934,0.2934,0.2934,0.3446,1.0000,44.5000,75295.9809,0.0591,true
123,2884.0000,4696.0000,2548.0000,4794.0000,3657.7200,329.2985,2884.0000,3437.5000,3617.0000,3882.5000,4696.0000,0.3861,0.2190,0.2905,0.2905,0.2905,0.3412,1.0000,39.0000,67984.2834,0.0574,true
124,2934.0000,4596.0000,2548.0000,4794.0000,3668.2000,371.2247,2934.0000,3389.5000,3612.0000,3962.0000,4596.0000,0.3833,0.2199,0.2876,0.2876,0.2876,0.3378,1.0000,-10.4800,-18651.2047,0.0562,true
125,2734.0000,4372.0000,2548.0000,4794.0000,3676.4000,346.6771,2734.0000,3477.5000,3671.0000,3931.0000,4372.0000,0.3806,0.2208,0.2847,0.2847,0.2847,0.3344,1.0000,-8.2000,-14419.3064,0.0569,true
126,2770.0000,4560.0000,2548.0000,4794.0000,3697.5000,364.9001,2770.0000,3492.5000,3683.0000,3919.5000,4560.0000,0.3779,0.2217,0.2819,0.2819,0.2819,0.3310,1.0000,-21.1000,-37415.1952,0.0564,true
127,2720.0000,4694.0000,2548.0000,4794.0000,3657.3000,380.5445,2720.0000,3390.0000,3697.0000,3901.0000,4694.0000,0.3753,0.2226,0.2790,0.2790,0.2790,0.3277,1.0000,40.2000,72353.1699,0.0556,true
128,2856.0000,4516.0000,2548.0000,4794.0000,3685.2000,364.3333,2856.0000,3447.5000,3696.0000,3906.5000,4516.0000,0.3726,0.2235,0.2763,0.2763,0.2763,0.3244,1.0000,-27.9000,-48611.9460,0.0574,true
129,2860.0000,4616.0000,2548.0000,4794.0000,3771.6600,332.6307,2860.0000,3591.5000,3819.0000,3979.0000,4616.0000,0.3700,0.2244,0.2735,0.2735,0.2735,0.3212,1.0000,-86.4600,-142414.5241,0.0617,true
130,2782.0000,4696.0000,2548.0000,4794.0000,3716.3400,348.6493,2782.0000,3458.0000,3694.0000,3950.5000,4696.0000,0.3674,0.2253,0.2708,0.2708,0.2708,0.3180,1.0000,55.3200,98307.5184,0.0553,true
131,2826.0000,4524.0000,2548.0000,4794.0000,3729.4600,354.9858,2826.0000,3529.0000,3733.0000,3996.0000,4524.0000,0.3648,0.2261,0.2680,0.2680,0.2680,0.3148,1.0000,-13.1200,-23177.9597,0.0566,true
132,2724.0000,4384.0000,2548.0000,4794.0000,3668.6000,339.7947,2724.0000,3407.0000,3657.0000,3898.5000,4384.0000,0.3623,0.2270,0.2654,0.2654,0.2654,0.3117,1.0000,60.8600,106747.2094,0.0570,true
133,2602.0000,4488.0000,2548.0000,4794.0000,3688.1800,376.6920,2602.0000,3507.0000,3667.0000,3951.0000,4488.0000,0.3598,0.2278,0.2627,0.2627,0.2627,0.3085,1.0000,-19.5800,-34928.5463,0.0561,true
134,2884.0000,4780.0000,2548.0000,4794.0000,3650.0000,354.2260,2884.0000,3442.0000,3629.0000,3840.0000,4780.0000,0.3573,0.2287,0.2601,0.2601,0.2601,0.3055,1.0000,38.1800,68325.5935,0.0559,true
135,2628.0000,4446.0000,2548.0000,4794.0000,3561.2200,372.3768,2628.0000,3339.5000,3566.0000,3795.5000,4446.0000,0.3548,0.2295,0.2575,0.2575,0.2575,0.3024,1.0000,88.7800,159445.6936,0.0557,true
136,2898.0000,4280.0000,2548.0000,4794.0000,3626.3200,306.2708,2898.0000,3398.0000,3635.0000,3851.0000,4280.0000,0.3524,0.2303,0.2549,0.2549,0.2549,0.2994,1.0000,-65.1000,-116767.7398,0.0568,true
137,2548.0000,4436.0000,2548.0000,4794.0000,3626.0600,401.9689,2548.0000,3369.5000,3647.0000,3901.0000,4436.0000,0.3500,0.2312,0.2524,0.2524,0.2524,0.2964,1.0000,0.2600,426.2568,0.0600,true
138,2612.0000,4482.0000,2548.0000,4794.0000,3639.0200,364.2300,2612.0000,3393.0000,3634.0000,3896.5000,4482.0000,0.3476,0.2320,0.2498,0.2498,0.2498,0.2934,1.0000,-12.9600,-22816.9817,0.0568,true
139,2910.0000,4532.0000,2548.0000,4794.0000,3663.4600,376.8769,2910.0000,3437.0000,3659.0000,3921.5000,4532.0000,0.3452,0.2328,0.2473,0.2473,0.2473,0.2905,1.0000,-24.4400,-41223.4805,0.0593,true
140,2548.0000,4596.0000,2548.0000,4794.0000,3675.5000,380.1611,2548.0000,3414.5000,3656.0000,3942.0000,4596.0000,0.3429,0.2336,0.2449,0.2449,0.2449,0.2876,1.0000,-12.0400,-21577.5636,0.0558,true
141,3032.0000,4546.0000,2548.0000,4794.0000,3674.9200,325.3517,3032.0000,3441.0000,3695.0000,3908.0000,4546.0000,0.3406,0.2344,0.2424,0.2424,0.2424,0.2847,1.0000,0.5800,1042.2451,0.0556,true
142,2782.0000,4428.0000,2548.0000,4794.0000,3636.6800,358.8165,2782.0000,3341.0000,3665.0000,3857.5000,4428.0000,0.3383,0.2352,0.2400,0.2400,0.2400,0.2819,1.0000,38.2400,68035.0779,0.0562,true
143,2548.0000,4368.0000,2548.0000,4794.0000,3613.5200,393.0938,2548.0000,3373.5000,3617.0000,3870.5000,4368.0000,0.3360,0.2359,0.2376,0.2376,0.2376,0.2790,1.0000,23.1600,41476.6103,0.0558,true
144,2802.0000,4472.0000,2548.0000,4794.0000,3701.1400,370.7891,2802.0000,3475.5000,3719.0000,3933.0000,4472.0000,0.3338,0.2367,0.2352,0.2352,0.2352,0.2763,1.0000,-87.6200,-159679.8385,0.0549,true
145,2796.0000,4470.0000,2548.0000,4794.0000,3612.7000,350.3970,2796.0000,3344.5000,3578.0000,3873.0000,4470.0000,0.3315,0.2375,0.2329,0.2329,0.2329,0.2735,1.0000,88.4400,148986.9594,0.0594,true
146,2932.0000,4836.0000,2548.0000,4836.0000,3692.4400,378.7538,2932.0000,3453.5000,3676.0000,3905.5000,4836.0000,0.3293,0.2382,0.2305,0.2305,0.2305,0.2708,1.0000,-79.7400,-144397.1410,0.0552,true
147,2592.0000,4518.0000,2548.0000,4836.0000,3641.3800,380.6578,2592.0000,3408.5000,3638.0000,3885.0000,4518.0000,0.3272,0.2390,0.2282,0.2282,0.2282,0.2680,1.0000,51.0600,90826.9414,0.0562,true
148,2804.0000,4672.0000,2548.0000,4836.0000,3721.1600,396.4836,2804.0000,3515.0000,3691.0000,4000.5000,4672.0000,0.3250,0.2397,0.2259,0.2259,0.2259,0.2654,1.0000,-79.7800,-138039.3840,0.0578,true
149,2808.0000,4264.0000,2548.0000,4836.0000,3630.2600,343.2737,2808.0000,3349.5000,3669.0000,3913.0000,4264.0000,0.3229,0.2404,0.2237,0.2237,0.2237,0.2627,1.0000,90.9000,164737.7788,0.0552,true
150,2854.0000,4516.0000,2548.0000,4836.0000,3683.9400,354.3289,2854.0000,3439.0000,3706.0000,3919.5000,4516.0000,0.3207,0.2412,0.2215,0.2215,0.2215,0.2601,1.0000,-53.6800,-94573.8100,0.0568,true
151,2756.0000,4742.0000,2548.0000,4836.0000,3649.1200,366.9561,2756.0000,3383.5000,3662.0000,3895.0000,4742.0000,0.3186,0.2419,0.2192,0.2192,0.2192,0.2575,1.0000,34.8200,62572.5551,0.0556,true
152,2770.0000,4764.0000,2548.0000,4836.0000,3624.7600,372.2872,2770.0000,3368.0000,3662.0000,3879.5000,4764.0000,0.3166,0.2426,0.2170,0.2170,0.2170,0.2549,1.0000,24.3600,42572.6759,0.0572,true
153,2586.0000,4494.0000,2548.0000,4836.0000,3595.1200,366.7255,2586.0000,3345.5000,3545.0000,3838.5000,4494.0000,0.3145,0.2433,0.2149,0.2149,0.2149,0.2524,1.0000,29.6400,52709.2632,0.0562,true
154,2856.0000,4650.0000,2548.0000,4836.0000,3648.1400,357.1577,2856.0000,3434.5000,3620.0000,3850.0000,4650.0000,0.3125,0.2440,0.2127,0.2127,0.2127,0.2498,1.0000,-53.0200,-88777.1129,0.0597,true
155,2642.0000,4444.0000,2548.0000,4836.0000,3684.5200,365.6729,2642.0000,3431.0000,3718.0000,3975.0000,4444.0000,0.3105,0.2447,0.2106,0.2106,0.2106,0.2473,1.0000,-36.3800,-63973.2712,0.0569,true
156,2548.0000,4446.0000,2548.0000,4836.0000,3615.0400,358.2222,2548.0000,3409.0000,3623.0000,3866.5000,4446.0000,0.3085,0.2454,0.2085,0.2085,0.2085,0.2449,1.0000,69.4800,120393.8271,0.0577,true
157,2824.0000,4504.0000,2548.0000,4836.0000,3602.2800,352.8350,2824.0000,3364.5000,3580.0000,3840.5000,4504.0000,0.3065,0.2460,0.2064,0.2064,0.2064,0.2424,1.0000,12.7600,22986.7250,0.0555,true
158,2790.0000,4592.0000,2548.0000,4836.0000,3644.0800,343.5944,2790.0000,3467.0000,3608.0000,3806.0000,4592.0000,0.3045,0.2467,0.2043,0.2043,0.2043,0.2400,1.0000,-41.8000,-73698.3340,0.0567,true
159,2930.0000,4654.0000,2548.0000,4836.0000,3685.6600,295.9655,2930.0000,3517.5000,3669.0000,3854.5000,4654.0000,0.3026,0.2474,0.2023,0.2023,0.2023,0.2376,1.0000,-41.5800,-75183.7554,0.0553,true
160,2836.0000,4518.0000,2548.0000,4836.0000,3633.5000,355.6403,2836.0000,3390.5000,3612.0000,3893.0000,4518.0000,0.3007,0.2480,0.2003,0.2003,0.2003,0.2352,1.0000,52.1600,91831.3093,0.0568,true
161,2900.0000,4406.0000,2548.0000,4836.0000,3679.7400,353.0912,2900.0000,3444.5000,3686.0000,3939.5000,4406.0000,0.2988,0.2487,0.1983,0.1983,0.1983,0.2329,1.0000,-46.2400,-82247.1398,0.0562,true
162,2858.0000,4420.0000,2548.0000,4836.0000,3632.7400,353.5856,2858.0000,3304.0000,3710.0000,3880.5000,4420.0000,0.2969,0.2493,0.1963,0.1963,0.1963,0.2305,1.0000,47.0000,82082.0191,0.0573,true
163,2548.0000,4476.0000,2548.0000,4836.0000,3608.6800,365.6174,2548.0000,3336.0000,3594.0000,3890.0000,4476.0000,0.2951,0.2500,0.1943,0.1943,0.1943,0.2282,1.0000,24.0600,39900.8284,0.0603,true
164,2750.0000,4568.0000,2548.0000,4836.0000,3671.1000,373.9109,2750.0000,3434.5000,3683.0000,3919.0000,4568.0000,0.2932,0.2506,0.1924,0.1924,0.1924,0.2259,1.0000,-62.4200,-103704.5898,0.0602,true
165,2682.0000,4742.0000,2548.0000,4836.0000,3628.4600,387.0959,2682.0000,3348.0000,3618.0000,3910.5000,4742.0000,0.2914,0.2512,0.1905,0.1905,0.1905,0.2237,1.0000,42.6400,72138.0367,0.0591,true
166,2714.0000,4558.0000,2548.0000,4836.0000,3655.4600,384.4136,2714.0000,3377.5000,3639.0000,3893.5000,4558.0000,0.2896,0.2519,0.1886,0.1886,0.1886,0.2215,1.0000,-27.0000,-46238.9733,0.0584,true
167,2690.0000,4590.0000,2548.0000,4836.0000,3643.0400,395.3688,2690.0000,3321.5000,3663.0000,3911.5000,4590.0000,0.2878,0.2525,0.1867,0.1867,0.1867,0.2192,1.0000,12.4200,21708.5048,0.0572,true
168,2664.0000,4642.0000,2548.0000,4836.0000,3623.7600,374.3360,2664.0000,3378.0000,3609.0000,3885.5000,4642.0000,0.2860,0.2531,0.1848,0.1848,0.1848,0.2170,1.0000,19.2800,32792.1829,0.0588,true
169,2786.0000,4480.0000,2548.0000,4836.0000,3639.1600,366.8143,2786.0000,3368.0000,3593.0000,3919.0000,4480.0000,0.2843,0.2537,0.1830,0.1830,0.1830,0.2149,1.0000,-15.4000,-27179.1885,0.0567,true
170,2904.0000,4548.0000,2548.0000,4836.0000,3609.7600,385.5095,2904.0000,3333.5000,3532.0000,3888.5000,4548.0000,0.2826,0.2543,0.1811,0.1811,0.1811,0.2127,1.0000,29.4000,49662.7494,0.0592,true
171,2944.0000,4308.0000,2548.0000,4836.0000,3599.2200,328.7690,2944.0000,3349.0000,3613.0000,3824.0000,4308.0000,0.2809,0.2549,0.1793,0.1793,0.1793,0.2106,1.0000,10.5400,17411.2998,0.0605,true
172,2672.0000,4610.0000,2548.0000,4836.0000,3676.3000,364.2767,2672.0000,3443.0000,3670.0000,3957.5000,4610.0000,0.2792,0.2555,0.1775,0.1775,0.1775,0.2085,1.0000,-77.0800,-131843.8468,0.0585,true
173,2548.0000,4316.0000,2548.0000,4836.0000,3614.9400,323.8737,2548.0000,3422.0000,3629.0000,3866.5000,4316.0000,0.2775,0.2560,0.1757,0.1757,0.1757,0.2064,1.0000,61.3600,103396.9679,0.0593,true
174,2548.0000,4558.0000,2548.0000,4836.0000,3689.1800,383.0054,2548.0000,3447.5000,3727.0000,3968.0000,4558.0000,0.2758,0.2566,0.1740,0.1740,0.1740,0.2043,1.0000,-74.2400,-128512.9439,0.0578,true
175,3032.0000,4480.0000,2548.0000,4836.0000,3615.1800,313.4851,3032.0000,3388.0000,3613.0000,3802.0000,4480.0000,0.2742,0.2572,0.1722,0.1722,0.1722,0.2023,1.0000,74.0000,126574.9170,0.0585,true
176,2654.0000,4346.0000,2548.0000,4836.0000,3635.7200,358.2149,2654.0000,3419.5000,3636.0000,3850.0000,4346.0000,0.2725,0.2578,0.1705,0.1705,0.1705,0.2003,1.0000,-20.5400,-35803.1212,0.0574,true
177,2548.0000,4436.0000,2548.0000,4836.0000,3580.7200,399.0000,2548.0000,3319.0000,3606.0000,3869.0000,4436.0000,0.2709,0.2583,0.1688,0.1688,0.1688,0.1983,1.0000,55.0000,95172.5045,0.0578,true
178,2800.0000,4298.0000,2548.0000,4836.0000,3594.8400,353.8248,2800.0000,3356.5000,3611.0000,3866.5000,4298.0000,0.2693,0.2589,0.1671,0.1671,0.1671,0.1963,1.0000,-14.1200,-25101.8206,0.0563,true
179,2548.0000,4532.0000,2548.0000,4836.0000,3622.0400,381.8116,2548.0000,3403.0000,3571.0000,3891.0000,4532.0000,0.2677,0.2594,0.1655,0.1655,0.1655,0.1943,1.0000,-27.2000,-47381.1465,0.0574,true
180,2790.0000,4340.0000,2548.0000,4836.0000,3559.5400,354.8908,2790.0000,3312.0000,3532.0000,3818.5000,4340.0000,0.2662,0.2600,0.1638,0.1638,0.1638,0.1924,1.0000,62.5000,102816.1762,0.0608,true
181,2548.0000,4678.0000,2548.0000,4836.0000,3564.7400,403.6490,2548.0000,3319.5000,3518.0000,3809.0000,4678.0000,0.2646,0.2605,0.1622,0.1622,0.1622,0.1905,1.0000,-5.2000,-9423.8409,0.0552,true
182,2548.0000,4604.0000,2548.0000,4836.0000,3577.2600,382.8920,2548.0000,3329.5000,3615.0000,3844.0000,4604.0000,0.2631,0.2610,0.1605,0.1605,0.1605,0.1886,1.0000,-12.5200,-20423.8104,0.0613,true
183,2548.0000,4362.0000,2548.0000,4836.0000,3625.0200,338.2128,2548.0000,3423.0000,3616.0000,3870.5000,4362.0000,0.2616,0.2615,0.1589,0.1589,0.1589,0.1867,1.0000,-47.7600,-84976.3095,0.0562,true
184,2548.0000,4736.0000,2548.0000,4836.0000,3618.6000,412.5030,2548.0000,3299.0000,3609.0000,3867.0000,4736.0000,0.2601,0.2621,0.1574,0.1574,0.1574,0.1848,1.0000,6.4200,11748.0214,0.0546,true
185,2804.0000,4492.0000,2548.0000,4836.0000,3649.5800,341.5368,2804.0000,3418.5000,3582.0000,3844.0000,4492.0000,0.2586,0.2626,0.1558,0.1558,0.1558,0.1830,1.0000,-30.9800,-53673.0897,0.0577,true
186,2804.0000,4722.0000,2548.0000,4836.0000,3615.6600,389.5629,2804.0000,3318.5000,3623.0000,3895.5000,4722.0000,0.2571,0.2631,0.1542,0.1542,0.1542,0.1811,1.0000,33.9200,61421.7913,0.0552,true
187,2706.0000,4536.0000,2548.0000,4836.0000,3589.4000,370.3534,2706.0000,3363.0000,3598.0000,3812.0000,4536.0000,0.2556,0.2636,0.1527,0.1527,0.1527,0.1793,1.0000,26.2600,46722.4038,0.0562,true
188,2592.0000,4422.0000,2548.0000,4836.0000,3604.4800,411.7554,2592.0000,3356.5000,3632.0000,3912.0000,4422.0000,0.2542,0.2641,0.1512,0.1512,0.1512,0.1775,1.0000,-15.0800,-25603.1512,0.0589,true
189,2586.0000,4582.0000,2548.0000,4836.0000,3565.9400,372.4484,2586.0000,3308.5000,3622.0000,3842.5000,4582.0000,0.2528,0.2646,0.1496,0.1496,0.1496,0.1757,1.0000,38.5400,69746.6932,0.0553,true
190,2548.0000,4618.0000,2548.0000,4836.0000,3649.9800,372.7990,2548.0000,3408.5000,3684.0000,3857.0000,4618.0000,0.2513,0.2651,0.1481,0.1481,0.1481,0.1740,1.0000,-84.0400,-146292.1282,0.0574,true
191,2824.0000,4496.0000,2548.0000,4836.0000,3588.7000,381.0823,2824.0000,3252.5000,3605.0000,3841.0000,4496.0000,0.2499,0.2656,0.1467,0.1467,0.1467,0.1722,1.0000,61.2800,108469.5841,0.0565,true
192,2548.0000,4450.0000,2548.0000,4836.0000,3574.0000,430.3333,2548.0000,3299.0000,3557.0000,3911.0000,4450.0000,0.2486,0.2661,0.1452,0.1452,0.1452,0.1705,1.0000,14.7000,24827.5163,0.0592,true
193,2548.0000,4522.0000,2548.0000,4836.0000,3622.2000,347.3481,2548.0000,3398.5000,3601.0000,3835.0000,4522.0000,0.2472,0.2665,0.1437,0.1437,0.1437,0.1688,1.0000,-48.2000,-86318.2062,0.0558,true
194,2548.0000,4474.0000,2548.0000,4836.0000,3648.9000,397.0836,2548.0000,3370.5000,3618.0000,3953.5000,4474.0000,0.2458,0.2670,0.1423,0.1423,0.1423,0.1671,1.0000,-26.7000,-46441.8902,0.0575,true
195,2548.0000,4448.0000,2548.0000,4836.0000,3503.3400,397.1081,2548.0000,3247.5000,3468.0000,3744.0000,4448.0000,0.2445,0.2675,0.1409,0.1409,0.1409,0.1655,1.0000,145.5600,263327.8519,0.0553,true
196,2548.0000,4778.0000,2548.0000,4836.0000,3621.4000,428.1531,2548.0000,3387.0000,3586.0000,3953.5000,4778.0000,0.2431,0.2679,0.1395,0.1395,0.1395,0.1638,1.0000,-118.0600,-209147.8721,0.0564,true
197,2602.0000,4462.0000,2548.0000,4836.0000,3599.6000,361.3642,2602.0000,3357.5000,3630.0000,3832.5000,4462.0000,0.2418,0.2684,0.1381,0.1381,0.1381,0.1622,1.0000,21.8000,36683.6006,0.0594,true
198,2548.0000,4424.0000,2548.0000,4836.0000,3545.0000,406.6541,2548.0000,3286.0000,3499.0000,3862.5000,4424.0000,0.2405,0.2689,0.1367,0.1367,0.1367,0.1605,1.0000,54.6000,96688.3360,0.0565,true
199,2548.0000,4386.0000,2548.0000,4836.0000,3468.8400,398.9079,2548.0000,3198.5000,3445.0000,3780.0000,4386.0000,0.2392,0.2693,0.1353,0.1353,0.1353,0.1589,1.0000,76.1600,134748.7615,0.0565,true
200,2548.0000,4422.0000,2548.0000,4836.0000,3586.6400,377.0835,2548.0000,3381.0000,3602.0000,3882.0000,4422.0000,0.2379,0.2698,0.1340,0.1340,0.1340,0.1574,1.0000,-117.8000,-201115.5253,0.0586,true
201,2548.0000,4440.0000,2548.0000,4836.0000,3593.9000,411.3942,2548.0000,3287.5000,3604.0000,3924.5000,4440.0000,0.2367,0.2702,0.1326,0.1326,0.1326,0.1558,1.0000,-7.2600,-12897.8388,0.0563,true
202,2548.0000,4470.0000,2548.0000,4836.0000,3559.4200,425.3869,2548.0000,3299.0000,3564.0000,3898.0000,4470.0000,0.2354,0.2706,0.1313,0.1313,0.1313,0.1542,1.0000,34.4800,62138.4419,0.0555,true
203,2548.0000,4446.0000,2548.0000,4836.0000,3548.5400,357.9050,2548.0000,3344.5000,3555.0000,3748.5000,4446.0000,0.2342,0.2711,0.1300,0.1300,0.1300,0.1527,1.0000,10.8800,19267.2768,0.0565,true
204,2804.0000,4542.0000,2548.0000,4836.0000,3571.4800,367.4836,2804.0000,3281.0000,3512.0000,3844.5000,4542.0000,0.2329,0.2715,0.1287,0.1287,0.1287,0.1512,1.0000,-22.9400,-36282.4846,0.0632,true
205,2548.0000,4512.0000,2548.0000,4836.0000,3555.4600,406.7129,2548.0000,3302.0000,3591.0000,3850.0000,4512.0000,0.2317,0.2719,0.1274,0.1274,0.1274,0.1496,1.0000,16.0200,26609.4834,0.0602,true
206,2548.0000,4474.0000,2548.0000,4836.0000,3564.5200,374.0560,2548.0000,3356.0000,3559.0000,3777.5000,4474.0000,0.2305,0.2723,0.1261,0.1261,0.1261,0.1481,1.0000,-9.0600,-16438.3562,0.0561,true
207,2548.0000,4418.0000,2548.0000,4836.0000,3603.5200,392.4632,2548.0000,3415.0000,3641.0000,3862.0000,4418.0000,0.2293,0.2728,0.1249,0.1249,0.1249,0.1467,1.0000,-39.0000,-69594.0171,0.0550,true
208,2548.0000,4212.0000,2548.0000,4836.0000,3528.3000,356.8555,2548.0000,3281.0000,3493.0000,3816.5000,4212.0000,0.2281,0.2732,0.1236,0.1236,0.1236,0.1452,1.0000,75.2200,133100.9405,0.0565,true
209,2548.0000,4394.0000,2548.0000,4836.0000,3608.8000,351.3633,2548.0000,3386.0000,3632.0000,3842.0000,4394.0000,0.2270,0.2736,0.1224,0.1224,0.1224,0.1437,1.0000,-80.5000,-139385.7331,0.0578,true
210,2548.0000,4344.0000,2548.0000,4836.0000,3557.1000,424.7242,2548.0000,3314.5000,3581.0000,3855.5000,4344.0000,0.2258,0.2740,0.1212,0.1212,0.1212,0.1423,1.0000,51.7000,92928.6175,0.0556,true
211,2548.0000,4428.0000,2548.0000,4836.0000,3548.7400,367.1569,2548.0000,3325.0000,3506.0000,3785.0000,4428.0000,0.2247,0.2744,0.1200,0.1200,0.1200,0.1409,1.0000,8.3600,14608.1572,0.0572,true
212,2586.0000,4434.0000,2548.0000,4836.0000,3653.6400,381.3534,2586.0000,3372.5000,3606.0000,3957.5000,4434.0000,0.2235,0.2748,0.1188,0.1188,0.1188,0.1395,1.0000,-104.9000,-186516.4104,0.0562,true
213,2652.0000,4444.0000,2548.0000,4836.0000,3590.8800,353.9917,2652.0000,3337.5000,3597.0000,3834.5000,4444.0000,0.2224,0.2752,0.1176,0.1176,0.1176,0.1381,1.0000,62.7600,110726.1064,0.0567,true
214,2548.0000,4418.0000,2548.0000,4836.0000,3530.1400,414.4372,2548.0000,3282.5000,3550.0000,3779.0000,4418.0000,0.2213,0.2756,0.1164,0.1164,0.1164,0.1367,1.0000,60.7400,100537.4466,0.0604,true
215,2548.0000,4508.0000,2548.0000,4836.0000,3510.7800,432.1563,2548.0000,3304.5000,3513.0000,3768.0000,4508.0000,0.2202,0.2759,0.1152,0.1152,0.1152,0.1353,1.0000,19.3600,33815.8260,0.0573,true
216,2548.0000,4738.0000,2548.0000,4836.0000,3604.6200,391.7778,2548.0000,3295.0000,3620.0000,3860.0000,4738.0000,0.2191,0.2763,0.1141,0.1141,0.1141,0.1340,1.0000,-93.8400,-161333.8583,0.0582,true
217,2548.0000,4250.0000,2548.0000,4836.0000,3519.2400,363.3153,2548.0000,3273.5000,3523.0000,3768.5000,4250.0000,0.2180,0.2767,0.1129,0.1129,0.1129,0.1326,1.0000,85.3800,138961.2250,0.0614,true
218,2548.0000,4262.0000,2548.0000,4836.0000,3546.4600,366.3990,2548.0000,3288.5000,3536.0000,3811.5000,4262.0000,0.2169,0.2771,0.1118,0.1118,0.1118,0.1313,1.0000,-27.2200,-47656.1474,0.0571,true
219,2548.0000,4726.0000,2548.0000,4836.0000,3561.1800,408.1351,2548.0000,3336.5000,3568.0000,3808.5000,4726.0000,0.2159,0.2774,0.1107,0.1107,0.1107,0.1300,1.0000,-14.7200,-26278.0655,0.0560,true
220,2512.0000,4520.0000,2512.0000,4836.0000,3446.0600,396.3855,2512.0000,3155.5000,3427.0000,3736.5000,4520.0000,0.2172,0.2746,0.1096,0.1096,0.1118,0.1467,1.0000,115.1200,203713.2725,0.0565,true
221,2548.0000,4580.0000,2512.0000,4836.0000,3487.2800,386.1513,2548.0000,3217.5000,3483.0000,3706.5000,4580.0000,0.2186,0.2723,0.1085,0.1085,0.1107,0.1452,1.0000,-41.2200,-71047.4063,0.0580,true
222,2548.0000,4608.0000,2512.0000,4836.0000,3542.0200,410.4352,2548.0000,3268.0000,3521.0000,3839.0000,4608.0000,0.2199,0.2704,0.1074,0.1074,0.1096,0.1437,1.0000,-54.7400,-88938.8590,0.0615,true
223,2548.0000,4510.0000,2512.0000,4836.0000,3491.4400,381.0562,2548.0000,3232.5000,3489.0000,3712.5000,4510.0000,0.2212,0.2689,0.1063,0.1063,0.1085,0.1423,1.0000,50.5800,89957.5823,0.0562,true
224,2548.0000,4474.0000,2512.0000,4836.0000,3526.9800,421.0621,2548.0000,3244.0000,3508.0000,3803.5000,4474.0000,0.2225,0.2679,0.1053,0.1053,0.1074,0.1409,1.0000,-35.5400,-63256.3305,0.0562,true
225,2548.0000,4624.0000,2512.0000,4836.0000,3505.6400,378.3052,2548.0000,3263.0000,3463.0000,3662.0000,4624.0000,0.2238,0.2673,0.1042,0.1042,0.1063,0.1395,1.0000,21.3400,37296.7380,0.0572,true
226,2602.0000,4596.0000,2512.0000,4836.0000,3555.9600,394.7451,2602.0000,3292.5000,3495.0000,3833.5000,4596.0000,0.2250,0.2672,0.1032,0.1032,0.1053,0.1381,1.0000,-50.3200,-87952.5001,0.0572,true
227,2814.0000,4244.0000,2512.0000,4836.0000,3510.1200,361.8552,2814.0000,3242.5000,3498.0000,3764.0000,4244.0000,0.2263,0.2675,0.1021,0.1021,0.1042,0.1367,1.0000,45.8400,80869.5238,0.0567,true
228,2954.0000,4708.0000,2512.0000,4836.0000,3623.5800,364.0495,2954.0000,3374.5000,3591.0000,3847.0000,4708.0000,0.2275,0.2682,0.1011,0.1011,0.1032,0.1353,1.0000,-113.4600,-198166.0990,0.0573,true
229,2602.0000,4516.0000,2512.0000,4836.0000,3576.6600,424.6412,2602.0000,3273.5000,3532.0000,3894.5000,4516.0000,0.2287,0.2693,0.1001,0.1001,0.1021,0.1340,1.0000,46.9200,80680.1065,0.0582,true
230,2548.0000,4332.0000,2512.0000,4836.0000,3474.3600,406.3461,2548.0000,3181.5000,3437.0000,3800.5000,4332.0000,0.2300,0.2707,0.0991,0.0991,0.1011,0.1326,1.0000,102.3000,176268.9903,0.0580,true
231,2548.0000,4654.0000,2512.0000,4836.0000,3475.1000,377.5907,2548.0000,3202.0000,3499.0000,3725.5000,4654.0000,0.2312,0.2725,0.0981,0.0981,0.1001,0.1313,1.0000,-0.7400,-1318.8027,0.0561,true
232,2548.0000,4358.0000,2512.0000,4836.0000,3560.7200,379.1422,2548.0000,3295.0000,3585.0000,3818.5000,4358.0000,0.2324,0.2746,0.0971,0.0971,0.0991,0.1300,1.0000,-85.6200,-153848.9183,0.0557,true
233,2548.0000,4538.0000,2512.0000,4836.0000,3541.8000,405.1558,2548.0000,3302.0000,3508.0000,3800.0000,4538.0000,0.2335,0.2771,0.0962,0.0962,0.0981,0.1287,1.0000,18.9200,33062.7616,0.0572,true
234,2422.0000,4308.0000,2422.0000,4836.0000,3466.5200,356.3135,2422.0000,3215.0000,3499.0000,3726.5000,4308.0000,0.2352,0.2782,0.0952,0.0952,0.0971,0.1274,1.0000,75.2800,131548.5968,0.0572,true
235,2548.0000,4424.0000,2422.0000,4836.0000,3541.4000,375.3430,2548.0000,3299.0000,3483.0000,3817.5000,4424.0000,0.2369,0.2798,0.0942,0.0942,0.0962,0.1261,1.0000,-74.8800,-132054.1761,0.0567,true
236,2418.0000,4400.0000,2418.0000,4836.0000,3546.5200,421.8939,2418.0000,3261.5000,3566.0000,3870.5000,4400.0000,0.2386,0.2798,0.0933,0.0933,0.1001,0.1347,1.0000,-5.1200,-9106.3342,0.0562,true
237,2512.0000,4470.0000,2418.0000,4836.0000,3527.0600,442.5595,2512.0000,3221.0000,3496.0000,3850.5000,4470.0000,0.2403,0.2800,0.0924,0.0924,0.0991,0.1747,1.0000,19.4600,33939.9267,0.0573,true
238,2474.0000,4370.0000,2418.0000,4836.0000,3499.0600,390.4267,2474.0000,3189.0000,3520.0000,3774.0000,4370.0000,0.2419,0.2807,0.0914,0.0914,0.0981,0.1766,1.0000,28.0000,46986.4880,0.0596,true
239,2418.0000,4400.0000,2418.0000,4836.0000,3473.8800,409.5946,2418.0000,3181.0000,3431.0000,3838.0000,4400.0000,0.2435,0.2818,0.0905,0.0905,0.0971,0.1749,1.0000,25.1800,41752.8226,0.0603,true
240,2684.0000,4424.0000,2418.0000,4836.0000,3502.4600,361.9721,2684.0000,3252.0000,3480.0000,3773.5000,4424.0000,0.2450,0.2834,0.0896,0.0896,0.0962,0.1731,1.0000,-28.5800,-49814.0253,0.0574,true
241,2512.0000,4364.0000,2418.0000,4836.0000,3445.1800,394.4795,2512.0000,3194.0000,3453.0000,3723.5000,4364.0000,0.2466,0.2854,0.0887,0.0887,0.0952,0.1714,1.0000,57.2800,103850.8956,0.0552,true
242,2422.0000,4412.0000,2418.0000,4836.0000,3463.8000,406.4495,2422.0000,3184.5000,3479.0000,3715.0000,4412.0000,0.2482,0.2878,0.0878,0.0878,0.0942,0.1697,1.0000,-18.6200,-31546.5965,0.0590,true
243,2418.0000,4662.0000,2418.0000,4836.0000,3537.9400,428.1722,2418.0000,3283.5000,3488.0000,3831.0000,4662.0000,0.2497,0.2906,0.0870,0.0870,0.0933,0.1680,1.0000,-74.1400,-125161.2206,0.0592,true
244,2418.0000,4432.0000,2418.0000,4836.0000,3436.4400,434.3961,2418.0000,3267.0000,3407.0000,3673.0000,4432.0000,0.2512,0.2937,0.0861,0.0861,0.0924,0.1663,1.0000,101.5000,177315.1860,0.0572,true
245,2444.0000,4346.0000,2418.0000,4836.0000,3493.5600,361.9769,2444.0000,3245.0000,3506.0000,3720.0000,4346.0000,0.2523,0.2960,0.0852,0.0852,0.0914,0.1646,1.0000,-57.1200,-102478.3543,0.0557,true
246,2422.0000,4394.0000,2418.0000,4836.0000,3476.9800,357.2129,2422.0000,3230.5000,3434.0000,3720.0000,4394.0000,0.2530,0.2978,0.0844,0.0844,0.0905,0.1630,1.0000,16.5800,28990.6261,0.0572,true
247,2418.0000,4304.0000,2418.0000,4836.0000,3434.5600,389.7307,2418.0000,3225.5000,3410.0000,3677.0000,4304.0000,0.2533,0.2989,0.0835,0.0835,0.0896,0.1614,1.0000,42.4200,70457.2747,0.0602,true
248,2530.0000,4352.0000,2418.0000,4836.0000,3459.2000,390.9828,2530.0000,3163.5000,3461.0000,3719.5000,4352.0000,0.2535,0.2997,0.0827,0.0827,0.0887,0.1597,1.0000,-24.6400,-41609.5324,0.0592,true
249,2418.0000,4562.0000,2418.0000,4836.0000,3511.5000,424.0273,2418.0000,3220.0000,3499.0000,3857.5000,4562.0000,0.2536,0.3008,0.0819,0.0819,0.0878,0.1581,1.0000,-52.3000,-94773.3323,0.0552,true
250,2418.0000,4394.0000,2418.0000,4836.0000,3429.5800,407.7970,2418.0000,3157.5000,3440.0000,3765.0000,4394.0000,0.2537,0.3020,0.0811,0.0811,0.0870,0.1566,1.0000,81.9200,148325.4541,0.0552,true
251,2490.0000,4214.0000,2418.0000,4836.0000,3448.9000,416.1473,2490.0000,3167.0000,3439.0000,3716.0000,4214.0000,0.2538,0.3035,0.0802,0.0802,0.0861,0.1550,1.0000,-19.3200,-34099.2125,0.0567,true
252,2512.0000,4430.0000,2418.0000,4836.0000,3498.2800,384.7933,2512.0000,3256.5000,3486.0000,3785.0000,4430.0000,0.2540,0.3051,0.0794,0.0794,0.0852,0.1535,1.0000,-49.3800,-86305.5861,0.0572,true
253,2320.0000,4442.0000,2320.0000,4836.0000,3418.5800,386.2667,2320.0000,3138.0000,3420.0000,3656.5000,4442.0000,0.2552,0.3038,0.0787,0.0787,0.0844,0.1519,1.0000,79.7000,136863.0374,0.0582,true
254,2492.0000,4626.0000,2320.0000,4836.0000,3497.0000,410.7740,2492.0000,3237.0000,3448.0000,3780.5000,4626.0000,0.2564,0.3030,0.0779,0.0779,0.0835,0.1763,1.0000,-78.4200,-136972.6631,0.0573,true
255,2498.0000,4472.0000,2320.0000,4836.0000,3451.7800,426.7737,2498.0000,3161.5000,3413.0000,3800.5000,4472.0000,0.2576,0.3027,0.0771,0.0771,0.0827,0.2177,1.0000,45.2200,79617.3017,0.0568,true
256,2576.0000,4504.0000,2320.0000,4836.0000,3460.5000,432.1383,2576.0000,3161.0000,3402.0000,3734.0000,4504.0000,0.2588,0.3028,0.0763,0.0763,0.0819,0.2586,1.0000,-8.7200,-14163.1096,0.0616,true
257,2418.0000,4282.0000,2320.0000,4836.0000,3396.1200,419.2523,2418.0000,3124.5000,3378.0000,3677.0000,4282.0000,0.2600,0.3033,0.0756,0.0756,0.0811,0.2991,1.0000,64.3800,115636.8378,0.0557,true
258,2418.0000,4358.0000,2320.0000,4836.0000,3407.5000,448.0815,2418.0000,3144.5000,3356.0000,3681.0000,4358.0000,0.2611,0.3042,0.0748,0.0748,0.0802,0.3392,1.0000,-11.3800,-19553.8022,0.0582,true
259,2320.0000,4286.0000,2320.0000,4836.0000,3447.1000,403.0572,2320.0000,3175.5000,3494.0000,3780.0000,4286.0000,0.2621,0.3051,0.0740,0.0740,0.0794,0.3789,1.0000,-39.6000,-70430.9270,0.0562,true
260,2320.0000,4444.0000,2320.0000,4836.0000,3372.4600,390.8968,2320.0000,3106.0000,3370.0000,3606.5000,4444.0000,0.2630,0.3061,0.0733,0.0733,0.0787,0.4182,1.0000,74.6400,130539.2615,0.0572,true
261,2418.0000,4292.0000,2320.0000,4836.0000,3405.5400,393.0228,2418.0000,3159.0000,3384.0000,3675.0000,4292.0000,0.2634,0.3063,0.0726,0.0726,0.0779,0.4572,1.0000,-33.0800,-56856.8541,0.0582,true
262,2320.0000,4422.0000,2320.0000,4836.0000,3504.7600,475.8738,2320.0000,3222.0000,3491.0000,3834.5000,4422.0000,0.2637,0.3066,0.0718,0.0718,0.0771,0.4840,1.0000,-99.2200,-168700.1823,0.0588,true
263,2418.0000,4546.0000,2320.0000,4836.0000,3415.8200,426.3817,2418.0000,3165.0000,3401.0000,3654.0000,4546.0000,0.2640,0.3072,0.0711,0.0711,0.0763,0.5223,1.0000,88.9400,157289.5408,0.0565,true
264,2418.0000,4594.0000,2320.0000,4836.0000,3399.4200,405.4866,2418.0000,3126.5000,3380.0000,3668.0000,4594.0000,0.2643,0.3078,0.0704,0.0704,0.0756,0.5601,1.0000,16.4000,26884.4085,0.0610,true
265,2320.0000,4554.0000,2320.0000,4836.0000,3411.4800,434.1379,2320.0000,3129.0000,3416.0000,3650.5000,4554.0000,0.2644,0.3084,0.0697,0.0697,0.0748,0.5976,1.0000,-12.0600,-20922.6798,0.0576,true
266,2474.0000,4558.0000,2320.0000,4836.0000,3381.1400,455.2712,2474.0000,3106.5000,3269.0000,3764.5000,4558.0000,0.2645,0.3093,0.0690,0.0690,0.0740,0.6235,1.0000,30.3400,53210.5200,0.0570,true
267,2512.0000,4328.0000,2320.0000,4836.0000,3437.2800,452.2001,2512.0000,3123.0000,3452.0000,3820.5000,4328.0000,0.2646,0.3104,0.0683,0.0683,0.0733,0.6173,1.0000,-56.1400,-98408.5304,0.0570,true
268,2512.0000,4358.0000,2320.0000,4836.0000,3422.6800,411.0552,2512.0000,3123.5000,3432.0000,3704.5000,4358.0000,0.2647,0.3117,0.0676,0.0676,0.0726,0.6111,1.0000,14.6000,25022.9234,0.0583,true
269,2320.0000,4410.0000,2320.0000,4836.0000,3339.2600,438.0674,2320.0000,3091.5000,3374.0000,3591.0000,4410.0000,0.2648,0.3132,0.0670,0.0670,0.0718,0.6050,1.0000,83.4200,141966.8415,0.0588,true
270,2512.0000,4228.0000,2320.0000,4836.0000,3412.3200,405.9354,2512.0000,3117.5000,3426.0000,3705.0000,4228.0000,0.2649,0.3149,0.0663,0.0663,0.0711,0.5990,1.0000,-73.0600,-129856.7417,0.0563,true
271,2418.0000,4454.0000,2320.0000,4836.0000,3355.4200,412.9747,2418.0000,3064.0000,3365.0000,3665.0000,4454.0000,0.2650,0.3169,0.0656,0.0656,0.0704,0.5930,1.0000,56.9000,102945.8060,0.0553,true
272,2320.0000,4408.0000,2320.0000,4836.0000,3398.3000,419.8996,2320.0000,3134.0000,3430.0000,3694.5000,4408.0000,0.2651,0.3190,0.0650,0.0650,0.0697,0.5870,1.0000,-42.8800,-74347.5087,0.0577,true
273,2492.0000,4372.0000,2320.0000,4836.0000,3428.2600,394.7690,2492.0000,3114.5000,3404.0000,3706.5000,4372.0000,0.2652,0.3212,0.0643,0.0643,0.0690,0.5812,1.0000,-29.9600,-48732.7215,0.0615,true
274,2320.0000,4194.0000,2320.0000,4836.0000,3368.1200,418.6190,2320.0000,3091.5000,3387.0000,3650.0000,4194.0000,0.2653,0.3237,0.0637,0.0637,0.0683,0.5754,1.0000,60.1400,103348.6048,0.0582,true
275,2320.0000,4320.0000,2320.0000,4836.0000,3364.4000,426.0746,2320.0000,3141.5000,3402.0000,3678.0000,4320.0000,0.2654,0.3263,0.0630,0.0630,0.0676,0.5696,1.0000,3.7200,6550.2760,0.0568,true
276,2320.0000,4298.0000,2320.0000,4836.0000,3320.3800,452.6660,2320.0000,3111.0000,3307.0000,3658.5000,4298.0000,0.2654,0.3289,0.0624,0.0624,0.0670,0.5639,1.0000,44.0200,76920.9263,0.0572,true
277,2320.0000,4304.0000,2320.0000,4836.0000,3408.8800,409.0394,2320.0000,3142.5000,3410.0000,3690.0000,4304.0000,0.2643,0.3290,0.0618,0.0618,0.0663,0.5583,1.0000,-88.5000,-147984.1548,0.0598,true
278,2320.0000,4258.0000,2320.0000,4836.0000,3366.8800,408.1820,2320.0000,3120.0000,3328.0000,3671.5000,4258.0000,0.2627,0.3282,0.0612,0.0612,0.0656,0.5527,1.0000,42.0000,74113.0259,0.0567,true
279,2320.0000,4358.0000,2320.0000,4836.0000,3400.8600,449.2458,2320.0000,3151.5000,3367.0000,3757.0000,4358.0000,0.2612,0.3274,0.0606,0.0606,0.0650,0.5472,1.0000,-33.9800,-58494.4312,0.0581,true
280,2320.0000,4782.0000,2320.0000,4836.0000,3328.0200,480.5265,2320.0000,3064.0000,3342.0000,3645.5000,4782.0000,0.2597,0.3267,0.0600,0.0600,0.0643,0.5417,1.0000,72.8400,130700.4244,0.0557,true
281,2364.0000,4490.0000,2320.0000,4836.0000,3434.5200,427.4927,2364.0000,3196.0000,3419.0000,3692.5000,4490.0000,0.2582,0.3259,0.0594,0.0594,0.0637,0.5363,1.0000,-106.5000,-176813.3747,0.0602,true
282,2320.0000,4460.0000,2320.0000,4836.0000,3366.4200,464.7379,2320.0000,3079.0000,3303.0000,3742.5000,4460.0000,0.2568,0.3252,0.0588,0.0588,0.0630,0.5309,1.0000,68.1000,119980.1266,0.0568,true
283,2320.0000,4306.0000,2320.0000,4836.0000,3312.8400,393.4468,2320.0000,3027.5000,3300.0000,3563.5000,4306.0000,0.2553,0.3245,0.0582,0.0582,0.0624,0.5256,1.0000,53.5800,95294.8395,0.0562,true
284,2444.0000,4494.0000,2320.0000,4836.0000,3311.7000,430.8931,2444.0000,3021.5000,3283.0000,3542.0000,4494.0000,0.2539,0.3238,0.0576,0.0576,0.0618,0.5203,1.0000,1.1400,1959.1635,0.0582,true
285,2528.0000,4266.0000,2320.0000,4836.0000,3402.8000,405.4017,2528.0000,3097.5000,3408.0000,3755.0000,4266.0000,0.2524,0.3231,0.0570,0.0570,0.0612,0.5151,1.0000,-91.1000,-154360.4715,0.0590,true
286,2320.0000,4650.0000,2320.0000,4836.0000,3398.2200,467.0352,2320.0000,3125.5000,3377.0000,3739.0000,4650.0000,0.2510,0.3225,0.0565,0.0565,0.0606,0.5100,1.0000,4.5800,7749.1443,0.0591,true
287,2418.0000,4318.0000,2320.0000,4836.0000,3245.9200,426.5118,2418.0000,2995.0000,3172.0000,3482.0000,4318.0000,0.2496,0.3218,0.0559,0.0559,0.0600,0.5049,1.0000,152.3000,262474.8813,0.0580,true
288,2364.0000,4260.0000,2320.0000,4836.0000,3321.1000,395.9659,2364.0000,3082.5000,3296.0000,3574.0000,4260.0000,0.2482,0.3212,0.0553,0.0553,0.0594,0.4998,1.0000,-75.1800,-132411.3735,0.0568,true
289,2320.0000,4218.0000,2320.0000,4836.0000,3338.1400,455.9012,2320.0000,3016.5000,3364.0000,3679.5000,4218.0000,0.2469,0.3206,0.0548,0.0548,0.0588,0.4948,1.0000,-17.0400,-29026.8839,0.0587,true
290,2320.0000,4322.0000,2320.0000,4836.0000,3319.0800,399.9611,2320.0000,3019.5000,3333.0000,3583.5000,4322.0000,0.2455,0.3200,0.0542,0.0542,0.0582,0.4899,1.0000,19.0600,31695.7738,0.0601,true
291,2320.0000,4368.0000,2320.0000,4836.0000,3335.8200,430.7802,2320.0000,3068.0000,3333.0000,3595.5000,4368.0000,0.2442,0.3194,0.0537,0.0537,0.0576,0.4850,1.0000,-16.7400,-30094.7066,0.0556,true
292,2418.0000,4190.0000,2320.0000,4836.0000,3350.3400,431.1142,2418.0000,3024.0000,3306.0000,3689.5000,4190.0000,0.2428,0.3189,0.0531,0.0531,0.0570,0.4801,1.0000,-14.5200,-25380.3114,0.0572,true
293,2320.0000,4414.0000,2320.0000,4836.0000,3383.7000,453.9508,2320.0000,3063.5000,3369.0000,3771.0000,4414.0000,0.2415,0.3183,0.0526,0.0526,0.0565,0.4753,1.0000,-33.3600,-60656.6409,0.0550,true
294,2320.0000,4610.0000,2320.0000,4836.0000,3338.1400,500.1855,2320.0000,2993.5000,3343.0000,3668.0000,4610.0000,0.2402,0.3178,0.0521,0.0521,0.0559,0.4706,1.0000,45.5600,79715.9899,0.0572,true
295,2320.0000,4660.0000,2320.0000,4836.0000,3303.3400,456.3245,2320.0000,2937.0000,3268.0000,3611.0000,4660.0000,0.2389,0.3173,0.0516,0.0516,0.0553,0.4659,1.0000,34.8000,60372.5402,0.0576,true
296,2320.0000,4220.0000,2320.0000,4836.0000,3285.1000,432.3198,2320.0000,3018.0000,3281.0000,3570.5000,4220.0000,0.2377,0.3168,0.0511,0.0511,0.0548,0.4612,1.0000,18.2400,32551.3165,0.0560,true
297,2320.0000,4552.0000,2320.0000,4836.0000,3286.4400,475.8270,2320.0000,2971.0000,3274.0000,3554.5000,4552.0000,0.2364,0.3163,0.0505,0.0505,0.0542,0.4566,1.0000,-1.3400,-2370.1964,0.0565,true
298,2320.0000,4384.0000,2320.0000,4836.0000,3282.2800,477.0615,2320.0000,3008.0000,3272.0000,3581.0000,4384.0000,0.2351,0.3158,0.0500,0.0500,0.0537,0.4520,1.0000,4.1600,6763.9857,0.0615,true
299,2372.0000,4368.0000,2320.0000,4836.0000,3323.4400,477.2345,2372.0000,2957.5000,3318.0000,3672.0000,4368.0000,0.2339,0.3154,0.0495,0.0495,0.0531,0.4475,1.0000,-41.1600,-71920.5728,0.0572,true
300,2320.0000,4202.0000,2320.0000,4836.0000,3364.6600,436.7512,2320.0000,3033.5000,3383.0000,3717.5000,4202.0000,0.2327,0.3149,0.0490,0.0490,0.0526,0.4430,1.0000,-41.2200,-72090.1599,0.0572,true
301,2320.0000,4354.0000,2320.0000,4836.0000,3328.8600,450.2934,2320.0000,3099.5000,3281.0000,3692.0000,4354.0000,0.2315,0.3145,0.0486,0.0486,0.0521,0.4386,1.0000,35.8000,63710.8170,0.0562,true
302,2320.0000,4164.0000,2320.0000,4836.0000,3294.4000,412.2258,2320.0000,3057.5000,3324.0000,3574.0000,4164.0000,0.2302,0.3140,0.0481,0.0481,0.0516,0.4342,1.0000,34.4600,59180.5401,0.0582,true
303,2320.0000,4334.0000,2320.0000,4836.0000,3281.3400,460.9643,2320.0000,2949.0000,3257.0000,3593.5000,4334.0000,0.2291,0.3136,0.0476,0.0476,0.0511,0.4299,1.0000,13.0600,23052.2931,0.0567,true
304,2320.0000,4406.0000,2320.0000,4836.0000,3275.0000,451.2057,2320.0000,3006.5000,3271.0000,3519.5000,4406.0000,0.2279,0.3132,0.0471,0.0471,0.0505,0.4256,1.0000,6.3400,10967.6058,0.0578,true
305,2320.0000,4296.0000,2320.0000,4836.0000,3338.7800,487.2612,2320.0000,2979.5000,3372.0000,3663.0000,4296.0000,0.2267,0.3128,0.0466,0.0466,0.0500,0.4213,1.0000,-63.7800,-113435.6709,0.0562,true
306,2320.0000,4184.0000,2320.0000,4836.0000,3305.9000,420.9116,2320.0000,3053.0000,3295.0000,3586.5000,4184.0000,0.2256,0.3125,0.0462,0.0462,0.0495,0.4171,1.0000,32.8800,58529.7081,0.0562,true
307,2320.0000,4310.0000,2320.0000,4836.0000,3319.4200,417.1905,2320.0000,3073.0000,3283.0000,3631.0000,4310.0000,0.2244,0.3121,0.0457,0.0457,0.0490,0.4129,1.0000,-13.5200,-23037.5092,0.0587,true
308,2320.0000,4414.0000,2320.0000,4836.0000,3269.5600,448.1166,2320.0000,3020.0000,3271.0000,3556.0000,4414.0000,0.2233,0.3117,0.0453,0.0453,0.0486,0.4088,1.0000,49.8600,87708.1882,0.0568,true
309,2320.0000,4446.0000,2320.0000,4836.0000,3412.4400,472.9362,2320.0000,3127.5000,3388.0000,3721.5000,4446.0000,0.2222,0.3114,0.0448,0.0448,0.0481,0.4047,1.0000,-142.8800,-256718.0055,0.0567,true
310,2320.0000,4242.0000,2320.0000,4836.0000,3268.2800,487.9277,2320.0000,2926.0000,3294.0000,3593.0000,4242.0000,0.2210,0.3111,0.0444,0.0444,0.0476,0.4007,1.0000,144.1600,251907.7433,0.0562,true
311,2320.0000,4312.0000,2320.0000,4836.0000,3323.7800,457.0659,2320.0000,2993.0000,3403.0000,3666.0000,4312.0000,0.2199,0.3107,0.0439,0.0439,0.0471,0.3967,1.0000,-55.5000,-97050.0289,0.0572,true
312,2320.0000,4272.0000,2320.0000,4836.0000,3299.1800,442.5268,2320.0000,2956.0000,3288.0000,3641.5000,4272.0000,0.2189,0.3104,0.0435,0.0435,0.0466,0.3927,1.0000,24.6000,43746.3211,0.0562,true
313,2320.0000,4638.0000,2320.0000,4836.0000,3244.3200,473.6401,2320.0000,2927.5000,3270.0000,3536.0000,4638.0000,0.2178,0.3101,0.0430,0.0430,0.0462,0.3888,1.0000,54.8600,97197.9838,0.0564,true
314,2320.0000,4146.0000,2320.0000,4836.0000,3329.5600,423.7123,2320.0000,3116.5000,3316.0000,3636.5000,4146.0000,0.2167,0.3098,0.0426,0.0426,0.0457,0.3849,1.0000,-85.2400,-148910.8579,0.0572,true
315,2320.0000,4276.0000,2320.0000,4836.0000,3290.0800,454.5281,2320.0000,3017.0000,3302.0000,3602.5000,4276.0000,0.2157,0.3095,0.0422,0.0422,0.0453,0.3810,1.0000,39.4800,64508.9607,0.0612,true
316,2320.0000,4480.0000,2320.0000,4836.0000,3303.8800,472.4360,2320.0000,2988.5000,3326.0000,3573.0000,4480.0000,0.2146,0.3093,0.0418,0.0418,0.0448,0.3772,1.0000,-13.8000,-23449.5673,0.0588,true
317,2364.0000,4278.0000,2320.0000,4836.0000,3288.7600,455.4809,2364.0000,2960.0000,3293.0000,3650.0000,4278.0000,0.2136,0.3090,0.0413,0.0413,0.0444,0.3735,1.0000,15.1200,26355.1920,0.0574,true
318,2320.0000,4282.0000,2320.0000,4836.0000,3224.9600,462.7044,2320.0000,2909.0000,3316.0000,3492.0000,4282.0000,0.2126,0.3087,0.0409,0.0409,0.0439,0.3697,1.0000,63.8000,112501.8074,0.0567,true
319,2320.0000,4118.0000,2320.0000,4836.0000,3143.9400,475.6002,2320.0000,2764.0000,3141.0000,3485.0000,4118.0000,0.2115,0.3085,0.0405,0.0405,0.0435,0.3660,1.0000,81.0200,140857.0688,0.0575,true
320,2320.0000,4064.0000,2320.0000,4836.0000,3234.7600,435.2705,2320.0000,2985.0000,3250.0000,3576.5000,4064.0000,0.2105,0.3082,0.0401,0.0401,0.0430,0.3624,1.0000,-90.8200,-158178.9048,0.0574,true
321,2320.0000,4128.0000,2320.0000,4836.0000,3262.0000,441.2572,2320.0000,2943.5000,3355.0000,3565.0000,4128.0000,0.2095,0.3080,0.0397,0.0397,0.0426,0.3587,1.0000,-27.2400,-45085.4538,0.0604,true
322,2320.0000,4664.0000,2320.0000,4836.0000,3297.7800,493.8780,2320.0000,2996.0000,3274.0000,3575.0000,4664.0000,0.2086,0.3078,0.0393,0.0393,0.0422,0.3552,1.0000,-35.7800,-62555.1816,0.0572,true
323,2320.0000,4250.0000,2320.0000,4836.0000,3312.7600,414.1454,2320.0000,3079.0000,3283.0000,3582.5000,4250.0000,0.2076,0.3076,0.0389,0.0389,0.0418,0.3516,1.0000,-14.9800,-26081.3851,0.0574,true
324,2320.0000,4274.0000,2320.0000,4836.0000,3212.2000,464.3594,2320.0000,2863.5000,3254.0000,3537.5000,4274.0000,0.2066,0.3073,0.0385,0.0385,0.0413,0.3481,1.0000,100.5600,162658.1736,0.0618,true
325,2320.0000,4410.0000,2320.0000,4836.0000,3217.0800,429.3164,2320.0000,2948.5000,3268.0000,3473.5000,4410.0000,0.2057,0.3071,0.0381,0.0381,0.0409,0.3446,1.0000,-4.8800,-8486.9122,0.0575,true
326,2320.0000,4248.0000,2320.0000,4836.0000,3260.1600,490.9650,2320.0000,2839.5000,3261.0000,3635.0000,4248.0000,0.2047,0.3069,0.0378,0.0378,0.0405,0.3412,1.0000,-43.0800,-76403.1632,0.0564,true
327,2320.0000,4254.0000,2320.0000,4836.0000,3224.3600,463.6685,2320.0000,2914.0000,3227.0000,3532.5000,4254.0000,0.2038,0.3068,0.0374,0.0374,0.0401,0.3378,1.0000,35.8000,62285.6755,0.0575,true
328,2320.0000,4082.0000,2320.0000,4836.0000,3231.9000,439.5342,2320.0000,2908.0000,3297.0000,3541.5000,4082.0000,0.2029,0.3066,0.0370,0.0370,0.0397,0.3344,1.0000,-7.5400,-13674.2092,0.0551,true
329,2320.0000,4114.0000,2320.0000,4836.0000,3197.7600,411.3260,2320.0000,2990.5000,3254.0000,3445.5000,4114.0000,0.2019,0.3064,0.0366,0.0366,0.0393,0.3310,1.0000,34.1400,59432.1048,0.0574,true
330,2320.0000,4000.0000,2320.0000,4836.0000,3218.4400,415.7757,2320.0000,2922.0000,3197.0000,3560.5000,4000.0000,0.2010,0.3062,0.0363,0.0363,0.0389,0.3277,1.0000,-20.6800,-33506.1026,0.0617,true
331,2320.0000,4266.0000,2320.0000,4836.0000,3252.6400,460.5286,2320.0000,2969.0000,3252.0000,3551.5000,4266.0000,0.2001,0.3061,0.0359,0.0359,0.0385,0.3244,1.0000,-34.2000,-59626.1337,0.0574,true
332,2320.0000,4614.0000,2320.0000,4836.0000,3267.7800,464.3967,2320.0000,2981.5000,3205.0000,3509.5000,4614.0000,0.1992,0.3059,0.0356,0.0356,0.0381,0.3212,1.0000,-15.1400,-24133.5667,0.0627,true
333,2320.0000,4334.0000,2320.0000,4836.0000,3213.8400,456.0589,2320.0000,2957.0000,3243.0000,3486.5000,4334.0000,0.1984,0.3058,0.0352,0.0352,0.0378,0.3180,1.0000,53.9400,92479.7218,0.0583,true
334,2320.0000,4388.0000,2320.0000,4836.0000,3249.5200,505.6271,2320.0000,2854.0000,3253.0000,3612.0000,4388.0000,0.1975,0.3056,0.0348,0.0348,0.0374,0.3148,1.0000,-35.6800,-62397.9126,0.0572,true
335,2320.0000,4352.0000,2320.0000,4836.0000,3203.9800,450.6411,2320.0000,2911.5000,3201.0000,3491.5000,4352.0000,0.1966,0.3055,0.0345,0.0345,0.0370,0.3117,1.0000,45.5400,80150.5154,0.0568,true
336,2320.0000,4320.0000,2320.0000,4836.0000,3222.5200,444.3343,2320.0000,2895.5000,3273.0000,3507.0000,4320.0000,0.1958,0.3054,0.0342,0.0342,0.0366,0.3085,1.0000,-18.5400,-32339.3151,0.0573,true
337,2320.0000,4250.0000,2320.0000,4836.0000,3208.2800,453.8829,2320.0000,2779.5000,3195.0000,3553.0000,4250.0000,0.1949,0.3052,0.0338,0.0338,0.0363,0.3055,1.0000,14.2400,24366.1632,0.0584,true
338,2320.0000,4110.0000,2320.0000,4836.0000,3215.1200,444.5765,2320.0000,2870.0000,3243.0000,3569.5000,4110.0000,0.1941,0.3051,0.0335,0.0335,0.0359,0.3024,1.0000,-6.8400,-11931.1760,0.0573,true
339,2320.0000,4120.0000,2320.0000,4836.0000,3188.4000,449.8982,2320.0000,2843.5000,3167.0000,3458.5000,4120.0000,0.1932,0.3050,0.0331,0.0331,0.0356,0.2994,1.0000,26.7200,45346.2403,0.0589,true
340,2320.0000,4264.0000,2320.0000,4836.0000,3198.4200,474.0909,2320.0000,2854.5000,3200.0000,3497.5000,4264.0000,0.1924,0.3049,0.0328,0.0328,0.0352,0.2964,1.0000,-10.0200,-17469.3197,0.0574,true
341,2320.0000,4410.0000,2320.0000,4836.0000,3204.2000,498.3722,2320.0000,2855.0000,3165.0000,3506.0000,4410.0000,0.1916,0.3048,0.0325,0.0325,0.0348,0.2934,1.0000,-5.7800,-9669.6914,0.0598,true
342,2320.0000,4286.0000,2320.0000,4836.0000,3196.2400,447.2176,2320.0000,2967.0000,3217.0000,3422.5000,4286.0000,0.1908,0.3047,0.0322,0.0322,0.0345,0.2905,1.0000,7.9600,14208.6784,0.0560,true
343,2320.0000,4298.0000,2320.0000,4836.0000,3253.7000,453.9224,2320.0000,2996.0000,3247.0000,3547.0000,4298.0000,0.1900,0.3046,0.0318,0.0318,0.0342,0.2876,1.0000,-57.4600,-99666.7944,0.0577,true
344,2320.0000,4204.0000,2320.0000,4836.0000,3218.6000,485.6330,2320.0000,2836.0000,3268.0000,3596.0000,4204.0000,0.1892,0.3045,0.0315,0.0315,0.0338,0.2847,1.0000,35.1000,62442.8497,0.0562,true
345,2320.0000,4282.0000,2320.0000,4836.0000,3142.7400,466.0778,2320.0000,2729.5000,3190.0000,3430.5000,4282.0000,0.1884,0.3044,0.0312,0.0312,0.0335,0.2819,1.0000,75.8600,131607.0248,0.0576,true
346,2320.0000,4220.0000,2320.0000,4836.0000,3138.7600,476.9062,2320.0000,2686.0000,3151.0000,3519.5000,4220.0000,0.1877,0.3043,0.0309,0.0309,0.0331,0.2790,1.0000,3.9800,7013.6855,0.0567,true
347,2320.0000,4452.0000,2320.0000,4836.0000,3131.6800,469.5675,2320.0000,2724.0000,3174.0000,3449.0000,4452.0000,0.1869,0.3043,0.0306,0.0306,0.0328,0.2763,1.0000,7.0800,12366.5962,0.0573,true
348,2320.0000,4038.0000,2320.0000,4836.0000,3206.9800,428.2479,2320.0000,2968.5000,3248.0000,3552.0000,4038.0000,0.1861,0.3042,0.0303,0.0303,0.0325,0.2735,1.0000,-75.3000,-131816.4233,0.0571,true
349,2320.0000,4532.0000,2320.0000,4836.0000,3289.4800,477.8132,2320.0000,2992.5000,3272.0000,3615.0000,4532.0000,0.1854,0.3041,0.0300,0.0300,0.0322,0.2708,1.0000,-82.5000,-134276.4696,0.0614,true
350,2320.0000,4436.0000,2320.0000,4836.0000,3202.7200,524.5868,2320.0000,2728.5000,3265.0000,3604.5000,4436.0000,0.1847,0.3041,0.0297,0.0297,0.0318,0.2680,1.0000,86.7600,153337.6929,0.0566,true
351,2320.0000,4480.0000,2320.0000,4836.0000,3150.0000,493.3450,2320.0000,2811.0000,3151.0000,3454.0000,4480.0000,0.1839,0.3040,0.0294,0.0294,0.0315,0.2654,1.0000,52.7200,94116.4709,0.0560,true
352,2320.0000,4418.0000,2320.0000,4836.0000,3196.0600,501.5397,2320.0000,2821.0000,3272.0000,3501.5000,4418.0000,0.1832,0.3040,0.0291,0.0291,0.0312,0.2627,1.0000,-46.0600,-79377.6626,0.0580,true
353,2320.0000,4394.0000,2320.0000,4836.0000,3132.9800,549.0562,2320.0000,2685.5000,3141.0000,3609.5000,4394.0000,0.1825,0.3039,0.0288,0.0288,0.0309,0.2601,1.0000,63.0800,112037.6537,0.0563,true
354,2320.0000,4352.0000,2320.0000,4836.0000,3147.9400,499.5655,2320.0000,2817.0000,3148.0000,3523.0000,4352.0000,0.1818,0.3038,0.0285,0.0285,0.0306,0.2575,1.0000,-14.9600,-26093.9032,0.0573,true
355,2320.0000,4374.0000,2320.0000,4836.0000,3204.9400,479.2155,2320.0000,2837.5000,3262.0000,3551.5000,4374.0000,0.1810,0.3038,0.0282,0.0282,0.0303,0.2549,1.0000,-57.0000,-102727.1351,0.0555,true
356,2320.0000,4410.0000,2320.0000,4836.0000,3254.2000,460.7493,2320.0000,2949.0000,3281.0000,3520.5000,4410.0000,0.1803,0.3038,0.0279,0.0279,0.0300,0.2524,1.0000,-49.2600,-82073.7364,0.0600,true
357,2320.0000,4214.0000,2320.0000,4836.0000,3161.5600,447.8194,2320.0000,2812.0000,3140.0000,3432.5000,4214.0000,0.1797,0.3037,0.0277,0.0277,0.0297,0.2498,1.0000,92.6400,162284.3129,0.0571,true
358,2320.0000,4316.0000,2320.0000,4836.0000,3095.9200,499.8741,2320.0000,2686.0000,3115.0000,3448.5000,4316.0000,0.1790,0.3037,0.0274,0.0274,0.0294,0.2473,1.0000,65.6400,109750.2863,0.0598,true
359,2320.0000,4328.0000,2320.0000,4836.0000,3147.0800,505.5162,2320.0000,2728.0000,3166.0000,3515.0000,4328.0000,0.1783,0.3037,0.0271,0.0271,0.0291,0.2449,1.0000,-51.1600,-91102.5438,0.0562,true
360,2320.0000,4162.0000,2320.0000,4836.0000,3119.5200,505.7336,2320.0000,2686.0000,3114.0000,3438.5000,4162.0000,0.1776,0.3036,0.0268,0.0268,0.0288,0.2424,1.0000,27.5600,49911.5320,0.0552,true
361,2320.0000,4410.0000,2320.0000,4836.0000,3201.4400,497.6151,2320.0000,2868.5000,3199.0000,3528.5000,4410.0000,0.1770,0.3036,0.0266,0.0266,0.0285,0.2400,1.0000,-81.9200,-144620.2571,0.0566,true
362,2320.0000,4354.0000,2320.0000,4836.0000,3166.5600,474.3142,2320.0000,2838.5000,3156.0000,3518.0000,4354.0000,0.1763,0.3036,0.0263,0.0263,0.0282,0.2376,1.0000,34.8800,62078.9691,0.0562,true
363,2320.0000,4410.0000,2320.0000,4836.0000,3161.4600,462.1253,2320.0000,2835.0000,3170.0000,3485.0000,4410.0000,0.1756,0.3036,0.0260,0.0260,0.0279,0.2352,1.0000,5.1000,8898.9860,0.0573,true
364,2320.0000,4106.0000,2320.0000,4836.0000,3092.7200,431.9249,2320.0000,2685.5000,3165.0000,3408.5000,4106.0000,0.1750,0.3035,0.0258,0.0258,0.0277,0.2329,1.0000,68.7400,116484.5854,0.0590,true
365,2320.0000,4190.0000,2320.0000,4836.0000,3130.6200,469.9753,2320.0000,2762.0000,3160.0000,3394.0000,4190.0000,0.1744,0.3035,0.0255,0.0255,0.0274,0.2305,1.0000,-37.9000,-65173.1301,0.0582,true
366,2320.0000,4214.0000,2320.0000,4836.0000,3182.0200,482.3011,2320.0000,2800.5000,3250.0000,3531.5000,4214.0000,0.1737,0.3035,0.0253,0.0253,0.0271,0.2282,1.0000,-51.4000,-81882.0771,0.0628,true
367,2320.0000,4196.0000,2320.0000,4836.0000,3159.9200,470.8176,2320.0000,2831.0000,3156.0000,3464.0000,4196.0000,0.1731,0.3035,0.0250,0.0250,0.0268,0.2259,1.0000,22.1000,37329.0002,0.0592,true
368,2320.0000,4262.0000,2320.0000,4836.0000,3131.2400,475.8608,2320.0000,2728.5000,3150.0000,3486.5000,4262.0000,0.1725,0.3035,0.0248,0.0248,0.0266,0.2237,1.0000,28.6800,50622.6337,0.0567,true
369,2320.0000,4178.0000,2320.0000,4836.0000,3135.0000,466.9051,2320.0000,2872.5000,3180.0000,3436.5000,4178.0000,0.1719,0.3035,0.0245,0.0245,0.0263,0.2215,1.0000,-3.7600,-6233.9075,0.0603,true
370,2320.0000,4414.0000,2320.0000,4836.0000,3105.2000,480.9283,2320.0000,2809.5000,3120.0000,3422.5000,4414.0000,0.1713,0.3035,0.0243,0.0243,0.0260,0.2192,1.0000,29.8000,51586.3674,0.0578,true
371,2320.0000,4202.0000,2320.0000,4836.0000,3079.6000,510.8212,2320.0000,2628.0000,3118.0000,3461.5000,4202.0000,0.1707,0.3035,0.0240,0.0240,0.0258,0.2170,1.0000,25.6000,44729.3612,0.0572,true
372,2320.0000,4446.0000,2320.0000,4836.0000,3210.4600,516.6045,2320.0000,2837.5000,3177.0000,3577.5000,4446.0000,0.1701,0.3035,0.0238,0.0238,0.0255,0.2149,1.0000,-130.8600,-228243.5225,0.0573,true
373,2320.0000,4248.0000,2320.0000,4836.0000,3078.7600,465.6842,2320.0000,2752.5000,3114.0000,3341.0000,4248.0000,0.1695,0.3035,0.0235,0.0235,0.0253,0.2127,1.0000,131.7000,226446.2384,0.0582,true
374,2320.0000,4110.0000,2320.0000,4836.0000,3154.5800,458.1743,2320.0000,2842.0000,3144.0000,3499.0000,4110.0000,0.1689,0.3035,0.0233,0.0233,0.0250,0.2106,1.0000,-75.8200,-125427.8393,0.0604,true
375,2320.0000,4354.0000,2320.0000,4836.0000,3134.1600,517.0649,2320.0000,2686.0000,3133.0000,3468.0000,4354.0000,0.1683,0.3035,0.0231,0.0231,0.0248,0.2085,1.0000,20.4200,35368.4940,0.0577,true
376,2320.0000,4142.0000,2320.0000,4836.0000,3128.6000,443.1798,2320.0000,2781.5000,3181.0000,3464.5000,4142.0000,0.1677,0.3035,0.0228,0.0228,0.0245,0.2064,1.0000,5.5600,9832.6156,0.0565,true
377,2320.0000,4254.0000,2320.0000,4836.0000,3172.4200,490.2490,2320.0000,2754.0000,3242.0000,3490.5000,4254.0000,0.1672,0.3035,0.0226,0.0226,0.0243,0.2043,1.0000,-43.8200,-75997.2251,0.0577,true
378,2320.0000,4410.0000,2320.0000,4836.0000,3022.8000,449.0875,2320.0000,2628.0000,3016.0000,3359.5000,4410.0000,0.1666,0.3036,0.0224,0.0224,0.0240,0.2023,1.0000,149.6200,256384.7725,0.0584,true
379,2320.0000,4410.0000,2320.0000,4836.0000,3058.6200,479.6667,2320.0000,2676.0000,3096.0000,3378.5000,4410.0000,0.1661,0.3036,0.0222,0.0222,0.0238,0.2003,1.0000,-35.8200,-59604.2359,0.0601,true
380,2320.0000,4160.0000,2320.0000,4836.0000,3153.7200,466.3720,2320.0000,2789.5000,3216.0000,3489.5000,4160.0000,0.1655,0.3036,0.0219,0.0219,0.0235,0.1983,1.0000,-95.1000,-163824.5716,0.0580,true
381,2320.0000,4306.0000,2320.0000,4836.0000,3074.3400,510.4279,2320.0000,2676.5000,3099.0000,3358.0000,4306.0000,0.1650,0.3036,0.0217,0.0217,0.0233,0.1963,1.0000,79.3800,139511.5864,0.0569,true
382,2320.0000,4492.0000,2320.0000,4836.0000,3061.6800,507.8744,2320.0000,2625.0000,3098.0000,3397.5000,4492.0000,0.1644,0.3036,0.0215,0.0215,0.0231,0.1943,1.0000,12.6600,22203.3979,0.0570,true
383,2320.0000,4340.0000,2320.0000,4836.0000,3132.7000,510.5968,2320.0000,2677.5000,3151.0000,3459.5000,4340.0000,0.1639,0.3037,0.0213,0.0213,0.0228,0.1924,1.0000,-71.0200,-123480.4017,0.0575,true
384,2320.0000,4234.0000,2320.0000,4836.0000,3064.6600,516.7370,2320.0000,2628.0000,3037.0000,3501.0000,4234.0000,0.1634,0.3037,0.0211,0.0211,0.0226,0.1905,1.0000,68.0400,118739.9327,0.0573,true
385,2320.0000,4320.0000,2320.0000,4836.0000,3089.8000,524.4916,2320.0000,2622.0000,3123.0000,3505.5000,4320.0000,0.1628,0.3037,0.0209,0.0209,0.0224,0.1886,1.0000,-25.1400,-43882.7698,0.0573,true
386,2320.0000,4144.0000,2320.0000,4836.0000,3043.8200,494.0955,2320.0000,2675.5000,2982.0000,3406.0000,4144.0000,0.1623,0.3037,0.0207,0.0207,0.0222,0.1867,1.0000,45.9800,81890.1340,0.0561,true
387,2320.0000,4248.0000,2320.0000,4836.0000,3143.0200,506.7513,2320.0000,2730.0000,3168.0000,3528.5000,4248.0000,0.1618,0.3038,0.0205,0.0205,0.0219,0.1848,1.0000,-99.2000,-182837.5952,0.0543,true
388,2320.0000,4354.0000,2320.0000,4836.0000,3115.1600,515.6319,2320.0000,2675.5000,3132.0000,3475.0000,4354.0000,0.1613,0.3038,0.0203,0.0203,0.0217,0.1830,1.0000,27.8600,51934.6883,0.0536,true
389,2320.0000,4182.0000,2320.0000,4836.0000,3106.8400,543.0666,2320.0000,2622.0000,3122.0000,3567.0000,4182.0000,0.1608,0.3038,0.0200,0.0200,0.0215,0.1811,1.0000,8.3200,14798.3195,0.0572,true
390,2320.0000,4076.0000,2320.0000,4836.0000,3091.4000,489.2129,2320.0000,2671.5000,3124.0000,3430.0000,4076.0000,0.1603,0.3038,0.0198,0.0198,0.0213,0.1793,1.0000,15.4400,27448.4009,0.0553,true
391,2320.0000,4152.0000,2320.0000,4836.0000,3054.9000,447.9271,2320.0000,2686.0000,3112.0000,3356.0000,4152.0000,0.1598,0.3039,0.0196,0.0196,0.0211,0.1775,1.0000,36.5000,60724.9393,0.0601,true
392,2320.0000,4088.0000,2320.0000,4836.0000,3012.8000,447.2356,2320.0000,2672.5000,3046.0000,3362.0000,4088.0000,0.1593,0.3039,0.0195,0.0195,0.0209,0.1757,1.0000,42.1000,76193.0272,0.0563,true
393,2320.0000,4104.0000,2320.0000,4836.0000,3055.7000,444.5642,2320.0000,2724.0000,3059.0000,3379.0000,4104.0000,0.1588,0.3039,0.0193,0.0193,0.0207,0.1740,1.0000,-42.9000,-77007.5823,0.0547,true
394,2320.0000,4094.0000,2320.0000,4836.0000,3007.7800,464.2007,2320.0000,2684.0000,3004.0000,3345.0000,4094.0000,0.1584,0.3040,0.0191,0.0191,0.0205,0.1722,1.0000,47.9200,82256.2096,0.0583,true
395,2320.0000,4136.0000,2320.0000,4836.0000,2954.2600,497.1943,2320.0000,2534.5000,2886.0000,3335.5000,4136.0000,0.1579,0.3040,0.0189,0.0189,0.0203,0.1705,1.0000,53.5200,95442.5811,0.0561,true
396,2320.0000,4336.0000,2320.0000,4836.0000,3017.5000,494.2549,2320.0000,2626.5000,3055.0000,3360.0000,4336.0000,0.1574,0.3041,0.0187,0.0187,0.0200,0.1688,1.0000,-63.2400,-110471.5655,0.0572,true
397,2320.0000,4068.0000,2320.0000,4836.0000,2975.0400,515.8721,2320.0000,2320.0000,3012.0000,3336.5000,4068.0000,0.1570,0.3041,0.0185,0.0185,0.0198,0.1671,1.0000,42.4600,73489.1964,0.0578,true
398,2320.0000,4104.0000,2320.0000,4836.0000,3039.8200,489.6061,2320.0000,2628.0000,3067.0000,3427.0000,4104.0000,0.1565,0.3041,0.0183,0.0183,0.0196,0.1655,1.0000,-64.7800,-115441.2983,0.0561,true
399,2320.0000,4136.0000,2320.0000,4836.0000,3040.8200,512.7750,2320.0000,2625.0000,3059.0000,3484.5000,4136.0000,0.1561,0.3042,0.0181,0.0181,0.0195,0.1638,1.0000,-1.0000,-1688.8583,0.0592,true
400,2320.0000,3922.0000,2320.0000,4836.0000,2988.1200,469.3257,2320.0000,2619.5000,3018.0000,3364.5000,3922.0000,0.1556,0.3042,0.0180,0.0180,0.0193,0.1622,1.0000,52.7000,82251.3458,0.0641,true
401,2320.0000,4696.0000,2320.0000,4836.0000,3057.6600,564.1642,2320.0000,2596.0000,3110.0000,3429.0000,4696.0000,0.1552,0.3043,0.0178,0.0178,0.0191,0.1605,1.0000,-69.5400,-121961.0580,0.0570,true
402,2320.0000,4058.0000,2320.0000,4836.0000,3049.1800,447.8082,2320.0000,2628.0000,3088.0000,3382.0000,4058.0000,0.1547,0.3043,0.0176,0.0176,0.0189,0.1589,1.0000,8.4800,14819.8894,0.0572,true
403,2320.0000,4320.0000,2320.0000,4836.0000,3096.2800,470.1903,2320.0000,2682.5000,3158.0000,3391.0000,4320.0000,0.1543,0.3044,0.0174,0.0174,0.0187,0.1574,1.0000,-47.1000,-82957.2955,0.0568,true
404,2320.0000,4400.0000,2320.0000,4836.0000,3044.7800,478.1641,2320.0000,2626.5000,3087.0000,3384.5000,4400.0000,0.1539,0.3044,0.0172,0.0172,0.0185,0.1558,1.0000,51.5000,91988.9256,0.0560,true
405,2320.0000,4032.0000,2320.0000,4836.0000,3030.1600,453.8081,2320.0000,2622.0000,3055.0000,3418.0000,4032.0000,0.1534,0.3044,0.0171,0.0171,0.0183,0.1542,1.0000,14.6200,26087.8099,0.0572,true
406,2320.0000,4410.0000,2320.0000,4836.0000,3035.7400,452.5271,2320.0000,2671.5000,3037.0000,3351.5000,4410.0000,0.1530,0.3045,0.0169,0.0169,0.0181,0.1527,1.0000,-5.5800,-9708.1467,0.0563,true
407,2320.0000,4284.0000,2320.0000,4836.0000,3006.1600,533.7567,2320.0000,2418.0000,2995.0000,3427.0000,4284.0000,0.1526,0.3045,0.0167,0.0167,0.0180,0.1512,1.0000,29.5800,52162.1364,0.0567,true
408,2320.0000,4410.0000,2320.0000,4836.0000,3060.5400,476.8665,2320.0000,2640.0000,3105.0000,3414.5000,4410.0000,0.1522,0.3046,0.0166,0.0166,0.0178,0.1496,1.0000,-54.3800,-96897.0838,0.0561,true
409,2320.0000,4440.0000,2320.0000,4836.0000,3041.1200,523.3488,2320.0000,2622.0000,3066.0000,3392.5000,4440.0000,0.1518,0.3046,0.0164,0.0164,0.0176,0.1481,1.0000,19.4200,32721.9728,0.0593,true
410,2320.0000,4236.0000,2320.0000,4836.0000,3112.0000,530.1539,2320.0000,2686.0000,3154.0000,3542.0000,4236.0000,0.1513,0.3047,0.0162,0.0162,0.0174,0.1467,1.0000,-70.8800,-126075.4567,0.0562,true
411,2320.0000,4104.0000,2320.0000,4836.0000,3006.9200,497.7051,2320.0000,2572.0000,3075.0000,3386.0000,4104.0000,0.1509,0.3047,0.0161,0.0161,0.0172,0.1452,1.0000,105.0800,182631.5771,0.0575,true
412,2320.0000,4178.0000,2320.0000,4836.0000,3042.8000,502.5191,2320.0000,2652.0000,2993.0000,3406.5000,4178.0000,0.1505,0.3048,0.0159,0.0159,0.0171,0.1437,1.0000,-35.8800,-62174.0110,0.0577,true
413,2320.0000,4038.0000,2320.0000,4836.0000,3040.6400,474.5857,2320.0000,2625.0000,3149.0000,3423.5000,4038.0000,0.1502,0.3048,0.0158,0.0158,0.0169,0.1423,1.0000,2.1600,3907.3311,0.0553,true
414,2320.0000,4322.0000,2320.0000,4836.0000,2996.5400,513.7996,2320.0000,2555.0000,2983.0000,3358.0000,4322.0000,0.1498,0.3049,0.0156,0.0156,0.0167,0.1409,1.0000,44.1000,77680.2322,0.0568,true
415,2320.0000,4354.0000,2320.0000,4836.0000,3047.2000,494.5003,2320.0000,2628.0000,3097.0000,3410.0000,4354.0000,0.1494,0.3049,0.0154,0.0154,0.0166,0.1395,1.0000,-50.6600,-90679.3253,0.0559,true
416,2320.0000,4228.0000,2320.0000,4836.0000,2988.5200,515.8535,2320.0000,2521.0000,3036.0000,3280.5000,4228.0000,0.1490,0.3050,0.0153,0.0153,0.0164,0.1381,1.0000,58.6800,105321.3486,0.0557,true
417,2320.0000,4100.0000,2320.0000,4836.0000,2944.8600,445.5363,2320.0000,2622.0000,2891.0000,3258.5000,4100.0000,0.1486,0.3050,0.0151,0.0151,0.0162,0.1367,1.0000,43.6600,70770.6971,0.0617,true
418,2320.0000,4410.0000,2320.0000,4836.0000,2999.1000,489.7511,2320.0000,2626.5000,2996.0000,3377.5000,4410.0000,0.1482,0.3051,0.0150,0.0150,0.0161,0.1353,1.0000,-54.2400,-98395.6288,0.0551,true
419,2320.0000,4162.0000,2320.0000,4836.0000,3007.5800,470.2845,2320.0000,2622.0000,2966.0000,3392.0000,4162.0000,0.1479,0.3051,0.0148,0.0148,0.0159,0.1340,1.0000,-8.4800,-14473.6079,0.0586,true
420,2320.0000,4452.0000,2320.0000,4836.0000,2979.0000,503.3553,2320.0000,2626.0000,2936.0000,3271.5000,4452.0000,0.1475,0.3052,0.0147,0.0147,0.0158,0.1326,1.0000,28.5800,50127.6870,0.0570,true
421,2320.0000,4368.0000,2320.0000,4836.0000,3048.0400,529.3200,2320.0000,2628.0000,3057.0000,3362.5000,4368.0000,0.1471,0.3052,0.0145,0.0145,0.0156,0.1313,1.0000,-69.0400,-124992.0794,0.0552,true
422,2320.0000,4086.0000,2320.0000,4836.0000,2886.0600,494.7245,2320.0000,2493.0000,2780.0000,3202.5000,4086.0000,0.1468,0.3053,0.0144,0.0144,0.0154,0.1300,1.0000,161.9800,288420.2767,0.0562,true
423,2320.0000,4176.0000,2320.0000,4836.0000,3015.8400,467.3735,2320.0000,2671.5000,3095.0000,3271.5000,4176.0000,0.1464,0.3053,0.0142,0.0142,0.0153,0.1287,1.0000,-129.7800,-225334.0163,0.0576,true
424,2320.0000,4162.0000,2320.0000,4836.0000,2934.5200,501.4314,2320.0000,2418.0000,2910.0000,3347.5000,4162.0000,0.1461,0.3054,0.0141,0.0141,0.0151,0.1274,1.0000,81.3200,144511.5981,0.0563,true
425,2320.0000,4614.0000,2320.0000,4836.0000,2947.5600,512.6773,2320.0000,2370.0000,2996.0000,3293.5000,4614.0000,0.1457,0.3054,0.0140,0.0140,0.0150,0.1261,1.0000,-13.0400,-22816.1099,0.0572,true
426,2320.0000,4212.0000,2320.0000,4836.0000,2990.2000,506.0854,2320.0000,2622.0000,2996.0000,3335.0000,4212.0000,0.1454,0.3055,0.0138,0.0138,0.0148,0.1249,1.0000,-42.6400,-68989.3960,0.0618,true
427,2320.0000,4414.0000,2320.0000,4836.0000,3013.0800,519.4653,2320.0000,2622.0000,2906.0000,3454.5000,4414.0000,0.1450,0.3056,0.0137,0.0137,0.0147,0.1236,1.0000,-22.8800,-39134.7257,0.0585,true
428,2320.0000,4124.0000,2320.0000,4836.0000,2927.3000,456.7990,2320.0000,2596.0000,2876.0000,3227.5000,4124.0000,0.1447,0.3056,0.0135,0.0135,0.0145,0.1224,1.0000,85.7800,151906.0867,0.0565,true
429,2320.0000,4050.0000,2320.0000,4836.0000,3005.8800,472.7815,2320.0000,2628.0000,3035.0000,3388.0000,4050.0000,0.1444,0.3057,0.0134,0.0134,0.0144,0.1212,1.0000,-78.5800,-141236.6928,0.0556,true
430,2320.0000,3998.0000,2320.0000,4836.0000,2907.7200,472.1050,2320.0000,2491.5000,2893.0000,3222.0000,3998.0000,0.1440,0.3057,0.0133,0.0133,0.0142,0.1200,1.0000,98.1600,173912.7354,0.0564,true
431,2320.0000,4312.0000,2320.0000,4836.0000,2921.2000,513.2202,2320.0000,2320.0000,2942.0000,3288.0000,4312.0000,0.1437,0.3058,0.0131,0.0131,0.0141,0.1188,1.0000,-13.4800,-24063.6079,0.0560,true
432,2320.0000,4276.0000,2320.0000,4836.0000,3042.2600,502.1796,2320.0000,2652.0000,3118.0000,3413.5000,4276.0000,0.1434,0.3058,0.0130,0.0130,0.0140,0.1176,1.0000,-121.0600,-217132.4031,0.0558,true
433,2320.0000,4088.0000,2320.0000,4836.0000,2915.9400,474.9692,2320.0000,2622.0000,2842.0000,3290.0000,4088.0000,0.1430,0.3059,0.0129,0.0129,0.0138,0.1164,1.0000,126.3200,223458.1529,0.0565,true
434,2320.0000,4136.0000,2320.0000,4836.0000,2925.5800,482.8809,2320.0000,2526.5000,2842.0000,3288.0000,4136.0000,0.1427,0.3059,0.0128,0.0128,0.0137,0.1152,1.0000,-9.6400,-16269.6852,0.0593,true
435,2320.0000,4320.0000,2320.0000,4836.0000,3060.4200,507.3923,2320.0000,2626.5000,3158.0000,3472.0000,4320.0000,0.1424,0.3060,0.0126,0.0126,0.0135,0.1141,1.0000,-134.8400,-242769.4878,0.0565,true
436,2320.0000,4274.0000,2320.0000,4836.0000,3025.7200,468.4929,2320.0000,2627.5000,3052.0000,3416.5000,4274.0000,0.1421,0.3060,0.0125,0.0125,0.0134,0.1129,1.0000,34.7000,60422.7503,0.0564,true
437,2320.0000,4154.0000,2320.0000,4836.0000,3003.3600,519.6336,2320.0000,2516.5000,3008.0000,3427.0000,4154.0000,0.1418,0.3061,0.0124,0.0124,0.0133,0.1118,1.0000,22.3600,40320.1812,0.0555,true
438,2320.0000,4304.0000,2320.0000,4836.0000,3059.7800,514.0784,2320.0000,2661.0000,2997.0000,3456.0000,4304.0000,0.1415,0.3061,0.0123,0.0123,0.0131,0.1107,1.0000,-56.4200,-99437.7765,0.0567,true
439,2320.0000,4128.0000,2320.0000,4836.0000,3026.0600,458.3421,2320.0000,2628.0000,2996.0000,3392.0000,4128.0000,0.1412,0.3062,0.0121,0.0121,0.0130,0.1096,1.0000,33.7200,59920.8874,0.0563,true
440,2320.0000,4374.0000,2320.0000,4836.0000,2943.1400,481.4516,2320.0000,2528.5000,2949.0000,3297.5000,4374.0000,0.1409,0.3063,0.0120,0.0120,0.0129,0.1085,1.0000,82.9200,144116.2106,0.0575,true
441,2320.0000,4698.0000,2320.0000,4836.0000,2908.9200,500.8320,2320.0000,2424.0000,2850.0000,3256.5000,4698.0000,0.1406,0.3063,0.0119,0.0119,0.0128,0.1074,1.0000,34.2200,61772.6327,0.0554,true
442,2320.0000,4054.0000,2320.0000,4836.0000,2925.4200,438.6597,2320.0000,2622.0000,2903.0000,3222.5000,4054.0000,0.1403,0.3064,0.0118,0.0118,0.0126,0.1063,1.0000,-16.5000,-29755.4642,0.0555,true
443,2320.0000,4100.0000,2320.0000,4836.0000,2980.9800,499.1684,2320.0000,2518.0000,2996.0000,3393.5000,4100.0000,0.1400,0.3064,0.0117,0.0117,0.0125,0.1053,1.0000,-55.5600,-91901.5482,0.0605,true
444,2320.0000,4058.0000,2320.0000,4836.0000,2958.8400,503.7647,2320.0000,2425.0000,2957.0000,3393.5000,4058.0000,0.1397,0.3065,0.0115,0.0115,0.0124,0.1042,1.0000,22.1400,39240.7778,0.0564,true
445,2320.0000,3908.0000,2320.0000,4836.0000,2955.6600,467.1438,2320.0000,2518.0000,2956.0000,3292.5000,3908.0000,0.1394,0.3065,0.0114,0.0114,0.0123,0.1032,1.0000,3.1800,5648.7340,0.0563,true
446,2320.0000,4068.0000,2320.0000,4836.0000,2881.5800,503.5331,2320.0000,2320.0000,2842.0000,3286.5000,4068.0000,0.1391,0.3066,0.0113,0.0113,0.0121,0.1021,1.0000,74.0800,130110.0877,0.0569,true
447,2320.0000,4652.0000,2320.0000,4836.0000,2978.1400,542.4685,2320.0000,2494.0000,2963.0000,3371.0000,4652.0000,0.1389,0.3066,0.0112,0.0112,0.0120,0.1011,1.0000,-96.5600,-168828.8981,0.0572,true
448,2320.0000,4260.0000,2320.0000,4836.0000,2902.2200,483.8167,2320.0000,2320.0000,2964.0000,3288.0000,4260.0000,0.1386,0.3067,0.0111,0.0111,0.0119,0.1001,1.0000,75.9200,134763.0907,0.0563,true
449,2320.0000,4196.0000,2320.0000,4836.0000,2977.5600,467.7849,2320.0000,2619.5000,3019.0000,3374.5000,4196.0000,0.1383,0.3067,0.0110,0.0110,0.0118,0.0991,1.0000,-75.3400,-133257.3951,0.0565,true
450,2320.0000,4066.0000,2320.0000,4836.0000,2856.4600,507.0885,2320.0000,2320.0000,2686.0000,3277.5000,4066.0000,0.1380,0.3068,0.0109,0.0109,0.0117,0.0981,1.0000,121.1000,215455.1245,0.0562,true
451,2320.0000,4250.0000,2320.0000,4836.0000,2900.5400,507.4694,2320.0000,2353.0000,2779.0000,3262.0000,4250.0000,0.1378,0.3069,0.0108,0.0108,0.0115,0.0971,1.0000,-44.0800,-75590.3783,0.0583,true
452,2320.0000,4278.0000,2320.0000,4836.0000,2947.7800,517.1190,2320.0000,2364.0000,2975.0000,3363.5000,4278.0000,0.1375,0.3069,0.0106,0.0106,0.0114,0.0962,1.0000,-47.2400,-81044.5900,0.0583,true
453,2320.0000,4300.0000,2320.0000,4836.0000,2898.4600,536.8525,2320.0000,2320.0000,2807.0000,3364.0000,4300.0000,0.1372,0.3070,0.0105,0.0105,0.0113,0.0952,1.0000,49.3200,86240.5117,0.0572,true
454,2320.0000,4378.0000,2320.0000,4836.0000,2902.5200,473.7710,2320.0000,2495.0000,2919.0000,3176.0000,4378.0000,0.1370,0.3070,0.0104,0.0104,0.0112,0.0942,1.0000,-4.0600,-7106.9722,0.0571,true
455,2320.0000,4020.0000,2320.0000,4836.0000,2875.0000,482.7031,2320.0000,2320.0000,2881.0000,3250.0000,4020.0000,0.1367,0.3071,0.0103,0.0103,0.0111,0.0933,1.0000,27.5200,49300.0009,0.0558,true
456,2320.0000,4022.0000,2320.0000,4836.0000,2916.6000,489.1148,2320.0000,2353.0000,2965.0000,3359.5000,4022.0000,0.1365,0.3071,0.0102,0.0102,0.0110,0.0924,1.0000,-41.6000,-74771.5961,0.0556,true
457,2320.0000,4116.0000,2320.0000,4836.0000,2837.4200,501.0706,2320.0000,2320.0000,2686.0000,3192.5000,4116.0000,0.1362,0.3072,0.0101,0.0101,0.0109,0.0914,1.0000,79.1800,143917.3212,0.0550,true
458,2320.0000,4040.0000,2320.0000,4836.0000,2929.6200,461.5210,2320.0000,2516.5000,2965.0000,3274.0000,4040.0000,0.1359,0.3072,0.0100,0.0100,0.0108,0.0905,1.0000,-92.2000,-161529.0954,0.0571,true
459,2320.0000,4100.0000,2320.0000,4836.0000,2848.5600,483.2396,2320.0000,2320.0000,2753.0000,3213.5000,4100.0000,0.1357,0.3073,0.0100,0.0100,0.0106,0.0896,1.0000,81.0600,140719.3945,0.0576,true
460,2320.0000,4278.0000,2320.0000,4836.0000,2846.3600,499.9956,2320.0000,2320.0000,2850.0000,3247.0000,4278.0000,0.1355,0.3073,0.0100,0.0100,0.0105,0.0887,1.0000,2.2000,3741.7066,0.0588,true
461,2320.0000,4410.0000,2320.0000,4836.0000,2933.6400,550.7638,2320.0000,2320.0000,2919.0000,3271.5000,4410.0000,0.1353,0.3073,0.0100,0.0100,0.0104,0.0878,1.0000,-87.2800,-151834.0820,0.0575,true
462,2320.0000,4008.0000,2320.0000,4836.0000,2892.8200,486.7283,2320.0000,2320.0000,2854.0000,3268.0000,4008.0000,0.1351,0.3074,0.0100,0.0100,0.0103,0.0870,1.0000,40.8200,72148.1848,0.0566,true
463,2320.0000,4188.0000,2320.0000,4836.0000,2823.4600,484.1274,2320.0000,2320.0000,2686.0000,3119.0000,4188.0000,0.1349,0.3074,0.0100,0.0100,0.0102,0.0861,1.0000,69.3600,123634.3802,0.0561,true
464,2320.0000,3976.0000,2320.0000,4836.0000,2908.4400,488.9781,2320.0000,2364.0000,2875.0000,3290.5000,3976.0000,0.1347,0.3074,0.0100,0.0100,0.0101,0.0852,1.0000,-84.9800,-138106.1035,0.0615,true
465,2320.0000,4416.0000,2320.0000,4836.0000,2900.7800,507.9438,2320.0000,2353.0000,2857.0000,3300.0000,4416.0000,0.1346,0.3075,0.0100,0.0100,0.0100,0.0844,1.0000,7.6600,13746.2718,0.0557,true
466,2320.0000,4420.0000,2320.0000,4836.0000,2845.3800,513.3853,2320.0000,2320.0000,2634.0000,3264.5000,4420.0000,0.1344,0.3075,0.0100,0.0100,0.0100,0.0835,1.0000,55.4000,100320.3370,0.0552,true
467,2320.0000,3988.0000,2320.0000,4836.0000,2826.5200,476.3287,2320.0000,2320.0000,2671.0000,3160.0000,3988.0000,0.1342,0.3075,0.0100,0.0100,0.0100,0.0827,1.0000,18.8600,34134.6963,0.0553,true
468,2320.0000,4086.0000,2320.0000,4836.0000,2882.1000,533.1907,2320.0000,2320.0000,2796.0000,3257.5000,4086.0000,0.1340,0.3076,0.0100,0.0100,0.0100,0.0819,1.0000,-55.5800,-93083.0797,0.0597,true
469,2320.0000,3998.0000,2320.0000,4836.0000,2948.6600,516.4196,2320.0000,2422.0000,2860.0000,3431.0000,3998.0000,0.1338,0.3076,0.0100,0.0100,0.0100,0.0811,1.0000,-66.5600,-118497.8405,0.0562,true
470,2320.0000,4152.0000,2320.0000,4836.0000,2822.9400,447.9983,2320.0000,2320.0000,2842.0000,3120.0000,4152.0000,0.1337,0.3076,0.0100,0.0100,0.0100,0.0802,1.0000,125.7200,215811.6540,0.0583,true
471,2320.0000,4358.0000,2320.0000,4836.0000,2927.1400,494.8906,2320.0000,2396.5000,2892.0000,3271.5000,4358.0000,0.1335,0.3077,0.0100,0.0100,0.0100,0.0794,1.0000,-104.2000,-189429.4030,0.0550,true
472,2320.0000,4060.0000,2320.0000,4836.0000,2930.6600,520.0978,2320.0000,2320.0000,2934.0000,3340.0000,4060.0000,0.1333,0.3077,0.0100,0.0100,0.0100,0.0787,1.0000,-3.5200,-6374.4212,0.0552,true
473,2320.0000,4338.0000,2320.0000,4836.0000,2836.9600,502.5130,2320.0000,2320.0000,2686.0000,3129.5000,4338.0000,0.1331,0.3077,0.0100,0.0100,0.0100,0.0779,1.0000,93.7000,171266.0528,0.0547,true
474,2320.0000,4086.0000,2320.0000,4836.0000,2919.2200,560.2248,2320.0000,2320.0000,2876.0000,3367.0000,4086.0000,0.1330,0.3078,0.0100,0.0100,0.0100,0.0771,1.0000,-82.2600,-146624.7433,0.0561,true
475,2320.0000,4120.0000,2320.0000,4836.0000,2836.9800,498.7311,2320.0000,2320.0000,2686.0000,3159.0000,4120.0000,0.1328,0.3078,0.0100,0.0100,0.0100,0.0763,1.0000,82.2400,143185.2093,0.0574,true
476,2320.0000,4040.0000,2320.0000,4836.0000,2855.7600,480.2857,2320.0000,2320.0000,2856.0000,3265.5000,4040.0000,0.1327,0.3078,0.0100,0.0100,0.0100,0.0756,1.0000,-18.7800,-32371.6639,0.0580,true
477,2320.0000,4414.0000,2320.0000,4836.0000,2945.0600,495.9862,2320.0000,2525.5000,2979.0000,3188.0000,4414.0000,0.1325,0.3078,0.0100,0.0100,0.0100,0.0748,1.0000,-89.3000,-152759.2460,0.0585,true
478,2320.0000,4504.0000,2320.0000,4836.0000,2926.8200,521.2338,2320.0000,2499.0000,2850.0000,3298.5000,4504.0000,0.1324,0.3079,0.0100,0.0100,0.0100,0.0740,1.0000,18.2400,32447.0867,0.0562,true
479,2320.0000,3834.0000,2320.0000,4836.0000,2818.4200,476.1142,2320.0000,2320.0000,2676.0000,3251.0000,3834.0000,0.1322,0.3079,0.0100,0.0100,0.0100,0.0733,1.0000,108.4000,192868.8350,0.0562,true
480,2320.0000,4154.0000,2320.0000,4836.0000,2831.6800,500.2594,2320.0000,2320.0000,2665.0000,3223.5000,4154.0000,0.1321,0.3079,0.0100,0.0100,0.0100,0.0726,1.0000,-13.2600,-23649.1789,0.0561,true
481,2320.0000,4678.0000,2320.0000,4836.0000,2890.6000,516.6800,2320.0000,2320.0000,2864.0000,3261.5000,4678.0000,0.1319,0.3080,0.0100,0.0100,0.0100,0.0718,1.0000,-58.9200,-102761.9453,0.0573,true
482,2320.0000,4032.0000,2320.0000,4836.0000,2951.4000,501.6894,2320.0000,2521.0000,2904.0000,3304.5000,4032.0000,0.1318,0.3080,0.0100,0.0100,0.0100,0.0711,1.0000,-60.8000,-108405.7227,0.0561,true
483,2320.0000,4326.0000,2320.0000,4836.0000,2922.1200,529.8412,2320.0000,2353.0000,2852.0000,3362.5000,4326.0000,0.1316,0.3080,0.0100,0.0100,0.0100,0.0704,1.0000,29.2800,53058.1846,0.0552,true
484,2320.0000,4114.0000,2320.0000,4836.0000,2843.6400,456.5453,2320.0000,2320.0000,2806.0000,3158.0000,4114.0000,0.1315,0.3080,0.0100,0.0100,0.0100,0.0697,1.0000,78.4800,140935.8731,0.0557,true
485,2320.0000,4144.0000,2320.0000,4836.0000,2856.4200,483.5713,2320.0000,2320.0000,2698.0000,3239.5000,4144.0000,0.1313,0.3081,0.0100,0.0100,0.0100,0.0690,1.0000,-12.7800,-21507.6202,0.0594,true
486,2320.0000,4256.0000,2320.0000,4836.0000,2828.8200,498.2485,2320.0000,2320.0000,2636.0000,3166.0000,4256.0000,0.1312,0.3081,0.0100,0.0100,0.0100,0.0683,1.0000,27.6000,49965.6034,0.0552,true
487,2320.0000,4478.0000,2320.0000,4836.0000,2839.9000,510.8969,2320.0000,2320.0000,2775.0000,3264.0000,4478.0000,0.1310,0.3081,0.0100,0.0100,0.0100,0.0676,1.0000,-11.0800,-18700.6113,0.0592,true
488,2320.0000,4394.0000,2320.0000,4836.0000,2844.4000,557.0409,2320.0000,2320.0000,2622.0000,3256.0000,4394.0000,0.1309,0.3082,0.0100,0.0100,0.0100,0.0670,1.0000,-4.5000,-7998.1373,0.0563,true
489,2320.0000,3792.0000,2320.0000,4836.0000,2841.0800,439.5179,2320.0000,2320.0000,2846.0000,3170.5000,3792.0000,0.1308,0.3082,0.0100,0.0100,0.0100,0.0663,1.0000,3.3200,5975.5757,0.0556,true
490,2320.0000,4014.0000,2320.0000,4836.0000,2898.5800,510.5620,2320.0000,2320.0000,2852.0000,3319.0000,4014.0000,0.1307,0.3082,0.0100,0.0100,0.0100,0.0656,1.0000,-57.5000,-104415.0307,0.0551,true
491,2320.0000,4064.0000,2320.0000,4836.0000,2905.3600,503.2878,2320.0000,2320.0000,2935.0000,3335.0000,4064.0000,0.1305,0.3082,0.0100,0.0100,0.0100,0.0650,1.0000,-6.7800,-11885.0828,0.0570,true
492,2320.0000,4326.0000,2320.0000,4836.0000,2858.4000,517.9585,2320.0000,2320.0000,2686.0000,3218.5000,4326.0000,0.1304,0.3083,0.0100,0.0100,0.0100,0.0643,1.0000,46.9600,81945.6151,0.0573,true
493,2320.0000,3986.0000,2320.0000,4836.0000,2942.2600,480.9326,2320.0000,2518.0000,2920.0000,3358.0000,3986.0000,0.1303,0.3083,0.0100,0.0100,0.0100,0.0637,1.0000,-83.8600,-145109.1000,0.0578,true
494,2320.0000,3920.0000,2320.0000,4836.0000,2809.4400,480.0093,2320.0000,2320.0000,2627.0000,3199.0000,3920.0000,0.1302,0.3083,0.0100,0.0100,0.0100,0.0630,1.0000,132.8200,222327.1198,0.0597,true
495,2320.0000,4010.0000,2320.0000,4836.0000,2827.6200,471.4399,2320.0000,2320.0000,2772.0000,3248.0000,4010.0000,0.1300,0.3083,0.0100,0.0100,0.0100,0.0624,1.0000,-18.1800,-32150.2467,0.0565,true
496,2320.0000,4158.0000,2320.0000,4836.0000,2844.5600,482.1025,2320.0000,2320.0000,2764.0000,3155.0000,4158.0000,0.1299,0.3084,0.0100,0.0100,0.0100,0.0618,1.0000,-16.9400,-30238.1207,0.0560,true
497,2320.0000,4140.0000,2320.0000,4836.0000,2847.8400,518.6609,2320.0000,2320.0000,2676.0000,3288.0000,4140.0000,0.1298,0.3084,0.0100,0.0100,0.0100,0.0612,1.0000,-3.2800,-5887.7909,0.0557,true
498,2320.0000,4114.0000,2320.0000,4836.0000,2882.9400,514.5115,2320.0000,2320.0000,2837.0000,3259.0000,4114.0000,0.1297,0.3084,0.0100,0.0100,0.0100,0.0606,1.0000,-35.1000,-62903.9022,0.0558,true
499,2320.0000,3948.0000,2320.0000,4836.0000,2772.1000,479.0128,2320.0000,2320.0000,2628.0000,3145.5000,3948.0000,0.1296,0.3084,0.0100,0.0100,0.0100,0.0600,1.0000,110.8400,197860.3803,0.0560,true
500,2320.0000,4214.0000,2320.0000,4836.0000,2912.9000,501.0076,2320.0000,2320.0000,2910.0000,3267.5000,4214.0000,0.1294,0.3085,0.0100,0.0100,0.0100,0.0594,1.0000,-140.8000,-242027.5306,0.0582,true